S. No.,text,task_1
1,गोदाव खामानि मावओ बोला नो सानसे देरहा थारगोन,NOT
2,निखावरि सुबुंफोरा सिखाव,HOF
3,मा बिमा ख'र' परिबर्थननि खोथा फैखो बेयाव मोसौ,HOF
4,थोद जामबा सैमा साला मा मिसेस जाखो बेलाय,HOF
5,माखौ बकिबाय थादों नों बोरमा फानथा दम दंब्ला खामानि मावना दिन्थि बिनि उनाव बखि सैमा साला,HOF
6,दीनवी आईपीएल जुब्ब्ग्वं,NOT
7,सौयो आनो यार खाभन्यि,NOT
8,लाजि रोङै बोरमा फानथा दिपेन बर साला गावसोर हारिनि खोथा बुंनो रोङा आइथिं सोलाग्रा निलाज फोर मालाया सोंखारिनायावबो हेंथा मोसौफोर,HOF
9,दीनवी जवंगनी प्रोजेक्ट खव कलमठारगुन आंग,NOT
10,मानि जाहोनाव गिलिरसिन बेसादफोरा गाहाइ फारसे थाबसिन दावबाइनो हायो |,NOT
11,बंगाली फुरा बांग्लादेश नीस्व,HOF
12,गवस्वम मंशी फुरा चिखाओ,HOF
13,नै माथो नोंसो रोलाव लायबाय आलु गेसाव बाजार बाजार थोरसि लाना मागिदो नों जामबा,HOF
14,राष्ट्रपति खव बुथारवन आंग,HOF
15,चीन नई मानसी फुरखु बूथर नांगव बेसव्रव कोरोना होगार्द्ध,HOF
16,नोंनि लोगो बुथारनाय मानसिया आंनो मोन,HOF
17,"एै सैमा गोबोर हाग्रामाया मा खोथा बुंदों खोनायाखै नामा, दम दंब्ला Video बानाय बरनि मोजांखौ सानग्राबा बुरबक",HOF
18,ओबामा आ उकरीअने नई मानसी फुरखु बुथारद्व,HOF
19,"सारनि बुंनाय बाथ्राया सैथो, नाथाइ मानो बर' सारमोना मानो खौसे जाया",NOT
20,ज्वंग दिनी उसऔ ब्रैनव थंगुन,NOT
21,दिनेश आ बिखरी फुरखु नवाओ हबनु हुआ,HOF
22,बुरबक सोरखौ बखिबायदों नोंनो माथो गादिआवनो दं नों हायाबा सोर गनथाया मावनो,HOF
23,आसागैयै मानसि गोदोना हासनानै थैग्राया बेनो जाबाय,HOF
24,जवंगनी नवाओ गारी मवन्तम दवंग,NOT
25,जाना लोंना गय फेदोंसो बुंदों बुनदा साला,HOF
26,दीनवी मा दंग वंग्खाम ज्वंग,NOT
27,बिसोरो जोंनि गिरजाखौ सेफायदोंमोन,HOF
28,साउथ अफ्रीका नई मानसी फुरा गवस्वम ठेव नुनाईऔ,HOF
29,आंग अम्बू जानव मुज्वंग मुनव,NOT
30,लाजिनोबो रोंला बे Digital Bodoland ना खरआवनो एमफौफोरानो माथाम माब्रैसो दंसैदां खालि सोंखारिनायल',NOT
31,नोंबो बे एखे खोथाखौनो बुंदोंमोन माथो फुङाव बिगुर,HOF
32,नों मा मावदों,NOT
33,बियो सासे थगाय सुली,HOF
34,रोहित आ अग्नि आई खव गाली हवद्,HOF
35,"हारिनि थाखाय सोमावसारनाया, सोरनिबा Emotion जों दोबथिं जानो नाङा।",NOT
36,सात दिन जबै आंग दुगविये आ,NOT
37,एै bro बिना गयारिखो एसे बखिदोलाय फाग्लिखौ एमबु खुगाखौ,HOF
38,मोहित आ दुकानो फुइसा हुआ लसींव जाबाई थाइव,HOF
39,मइया हराओ आंग वंग्खाम जादिया,NOT
40,बोरमा सिखावखौ बे बाराव ओरैनो हगारनो नाङा,HOF
41,बियो आंनि फंबाय,NOT
42,"ससिएल मिडियाखौसो लेंहरनो मोनबाय नोंसोर फाग्लाफोर। बे ओनसोलाव आरो बिदिनो गोग्लैसोनानै थाबाय थागोन , जेबो जौगानो हायाखै नोंसोर बिगुरफोर।",HOF
43,नोंनि नोमानि खिथुया माबायदि आरो बेसे गेदेर बेखौ Video बानाय सैमा,HOF
44,खर'आव जुजाय गोजासै नामा रनजन दैमारिखौ उदां अख्रांआव दिहुन्नो नाजा।,HOF
45,इबर वालोरंट फाइनल गैम्बिट आ देरहा गुण,NOT
46,"सैमा फाग्ला अरजानायखाय आखलाबो बिदि जालांबाय बेना, मासि जामबा मानसि",HOF
47,मेनथेल सोलै बियो थेजफुर आवसो लांनांगौ जाबाय बिखौ,NOT
48,बिथांआ जोंनि फोरोंगिरि,NOT
49,मा जाबावगोनलै आदामोन बुंनोबो रोंलायलांला सारेनदार खालामदो नोंसोर गयदाफोर,NOT
50,थगायसुला प्रमद बेपारि। फैगोन बाराव गाददी गोमागोन नोंना।,HOF
51,नों सोर सैमा नोंखौ बारा गोबाव गैला नोंखौ ओरैनो हगारगोन नामा,NOT
52,बोरमा मेनदा खिबुआव खर,HOF
53,नविन आए अंगखव अलसी जंव लेंघोरद्व,NOT
54,बेव ससे बलोदा,HOF
55,आंग पिज़्ज़ा जगासिंव,NOT
56,अंग साइकिल सलाईबाई दवंग,NOT
57,बोरमा साग्ला खामानि गैया नों,HOF
58,दायो दुफां बोथोरसोलै आदैमोन। गोजां बोथोर नङा।,NOT
59,आंग इंजीनियर जानव गवश्व दोंग,NOT
60,आंग मदवि कैंटीन औ दवंग,NOT
61,जवंगनी कॉलेज आउ मवंबरवी स्कूल बस डोंगो,NOT
62,आंखौ दंनो नाङा,HOF
63,आंग फुटबॉल गेलेव रवंगा,NOT
64,मा लोदै बेगर बुंनाय जादों बेलाय सासे सैमासो नों,HOF
65,विराट खोली आ दबव क्रिकेट गेलेबै ठेव,NOT
66,फरायसा आफादआ बे हाबायाव मानो आखाय होखो? बेफोर खामानियाथ' हाग्रा बिफाननिसोमोन। रांनि खिथुआव खारफायोब्ला इसे बोरैबा नुयोलै।,NOT
67,दावदैफोर फिथ खालामना लाबोफायाखैथ,NOT
68,जापानी कार्टून खव अनिमे हवंव,NOT
69,"नोंसोर लाजिरोंयै दैदेनगिरि फोरा , गावजों-गाव बखिलाइबाइ थानानै बर' माहारिखौ गाहाइ थाखोआवसो लाबोफिनबाइ । नोंसोर बर' राव रायज्लानो नांलालै , जों लाजिनाइ मोन्बाइ ।",NOT
70,बिबो जोलैनि हांगार फोरनि फरिबरथन,HOF
71,बिराद गिदिर गोनां खोथा फोसावनाय बायदि मोनदों आरो जामबा नो,HOF
72,बिमा सिफा जानाय साला जेब्लाबो नोंना बिदिल नामा Video आनो,HOF
73,एै लोदैनि फिसा मा जानला मोनला बखिबाय थायोब्ला नोंलाय,HOF
74,सैमायाथ सम सम सोङो माथो नों उखैहाबनाय बायदि रोनावबाय थायोलाय,NOT
75,बर' रावा आसाम नि लोगो राव। बेखौ जोंनि मानसियानो बाहायैआ दुखु नांथाव।,NOT
76,बिहारी फुरकव डंगनागा,HOF
77,बिदि अबस्थाावसो फैबाय दाना,NOT
78,नोमानि सिफाया बेसे गुवार बेखौ बुं आगोल बेनि उनाव रायलाय बनदु,HOF
79,जवंगनी ेकस्तस्य औ सहीद कपूर फ्विद्व,NOT
80,जवंगनी नवाओ टीवी गइया,NOT
81,मा बुरबक राव जालायखो,HOF
82,बैथालिसो बियो,HOF
83,हल्ला खलम नंगा,NOT
84,नोंना रायज्लायनाया बर असेबायदि जाबावोसो हारसाबाबो,NOT
85,जाय लेखा फोराइव बिसर गीदर मानसी जाय,NOT
86,दिनेश आ बेसी फिसाज्व खव गरजी बाथ्रा सुलुंगव,HOF
87,साबेसे अख्रां दावबायगिरिफोरा मोनफ्रोमबो मावबिथांखिनि थाखाय बुध ग्रहसिम दावबायहैदोंमोन?,NOT
88,नवंग जवंगनी नवाओ फुई नंगा,HOF
89,नों माथो सोरजोंबा फिसिना दोनजानाय दाहोनासो,NOT
90,आं बे खामानि खौ मावदों,NOT
91,बाद हो । नोंनि धोरोमखौ गाजागोमजायै खुं । मालायनिखौ दा सोला । आरौ ससियेल मेदियाव ऱोनावबावदोंसो ।,NOT
92,बोरमा सिखाव नुखायो,HOF
93,बे खालि हान्जायानोसै दावराव-दावसि फ्रा,NOT
94,मोसौ खुगायाव एमफौ नांबाय नोंनाव सैमा बुनदा,HOF
95,हिटलर आ मुजंग मानसी मवन,HOF
96,राहुल आ अशोक खोउ बुथारगुन हवनदवंग,HOF
97,बवि डोकनि आ हरसा बेनी दुकानो हबनु नंगा,HOF
98,साम आ गावनि देरसिनखौ मान होआ,HOF
99,लासिंसिं दिनैलाय मानो फैलायखोब्रा,NOT
100,"फ्रमद आदा बोरै जाखो, लखेल लोंफ्लांदोंमोन नामा अफिसारफ्रालाय",NOT
101,सैमा नङाब्ला माथो नोंलाय रोलावबाय थाग्रा सैमा फाग्ला,HOF
102,बेनिखायनोथ' Bnsu आ बडलेण्ड बिप्लाबायथादों,NOT
103,बियो आंखौ बुयो जेब्लासिम आं बिनि खामानि मावा,HOF
104,एै साला सैमा नों मानो थाखोमाना थायो,HOF
105,बे बुनथायालाय बेसे थगाायनो मोसौ फाइखारिआलाय गासैखौबो लासै लासैनो नुलांजोबगोन बिसिनि खामानिफोरखौ जोलैनि हांगारफोरखौ,HOF
106,"थांनाय बिबानगिरिफोरा मावहोनो हायासै, बे खामानिखौ मावहोनो हायोब्ला मोनसे जारिमिन जागोन होन्ना सानो",NOT
107,ओबामा या जापान औ बोमा बर्फ्वना मुजंग खालंद्व मवन,HOF
108,"अमरसिंह ब्रम्म बुंनाय रावआ नंमारगौ मातो राकेस ब्रम्मखौ बुंनाय रावआ लाय। नगेन बर,खौ गुनदा लगायना बुहोनाया अब्लाथ, अमरसिंह ब्रम्म बुंनाय रावआथ, सैथोमार ‌ दिनै सैथोआ सोरांआव फैबाय ना गावसिनि दलनि गोक्रों मावथिफ्रानो फोरमान होबाय इउ पि पि एल लिदारफ्रानो फोरमान होबाय अमरसिंह ब्रम्म सारा जा बुंबोदों राकेस नि सोमोनदै गासिबो नंजोफगौ बोरमा खावना बुजानाय गानजा सोफना फागला जानाय गुवाहाटी आव खारना थाहैनाया",HOF
109,आंग मइया बाजार औ थांगडु मवन,NOT
110,ब्राह्मण फुरा बोडो फुरकव बेसुरनि नवाओ हबनु हुए,HOF
111,मोसौ गलिआव खाना दोनगोन नोंखौ बेबायदि ख्रेखखौ,HOF
112,ब्रिटशा भारतऔ राज खलमनव नेदवंग,HOF
113,हिजरा फुरा अंगकव दांग नंगा,HOF
114,बिहारी फुरनि मुदव्म फुरा मवम्व,HOF
115,"पु्रनिमायाव प्रमद लोदैआ हिनजावनि मानलि बेमार जानाय सिखौ सुनांगौ, प्रमदनि हिनजावनि सिफाया सनानिखाय 7 दिन सनानि खि बोहैबाय थायो बेखायनो दा नेगासिनो प्रमद बेफारिया लोगोसे दिपेन बेफारिबो दं",HOF
116,बियो बै डाक्टर खौ बुथारदोंमन,HOF
117,सिखला फुरकव ऊनद्वीाओंव बूथ नंगनव,HOF
118,बुरबक नों Digital Bodoland नोंना मोनफानि खुंथाया बेफोरखौ मावनो जेबो गियान गैयामोन,HOF
119,बेफारिनि खिथु सुग्रा आरो बेफारिनि बिसिनि जि सुना होग्रासो नों आलु,HOF
120,गामिआओ मानसी फुरा मानसी बुथारव स्व,HOF
121,सैमा बुनदाया सम जानायखाय ओंखारलायबाय जोलैनि हांगार,HOF
122,गबवन ज्वंग प्रोजेक्ट गाइड ज्वंग लुग्व होमंव थंगुन,NOT
123,बंगाली फुरकव बवि बहुमाओ ठाँव हव नांगव,HOF
124,"अरलायबाय था बिगुरफोर, मोजां नुदों। बि टि आर नि बायजोनि बर'फोरनि जेनाखौबो नायहरनो नाजालाय बर'बिमानि थै दंबोला।",HOF
125,रोहित आ मुस्लिम फुरकव नांव हाया,HOF
126,खर गाज्रि जाबाय नोंना साला सैमा,HOF
127,द्विमालु आ बस औ दंग,NOT
128,गवस्वम मानसी फुरकव डा दांग,HOF
129,नों आंनो एसे दै होगोन ना,NOT
130,रोहितआ हिनजाओ मानसी नैनव हायआ,HOF
131,रमेश निखावरि मानसिखौ दांआ,HOF
132,नों नोंनि बोरमा आखुखौसो देखायना लादों सैमा फाग्ला बुंनाया गाज्रि जायाखैथ नोंगौ थारैनो सैमा फाग्लामार नों,HOF
133,प्रमदनि खिजाग्रासो नों सासे सैमा बुन्दा,HOF
134,आंनि गोसोनि सान्नायखौ बुंना होबाय सारआ,NOT
135,रामआ निखावरि मानसिखौ रायज्लाया,HOF
136,एै गुनदा साइस मोसौ गुमनो ओंखार लायबाय नामा,HOF
137,बे मानसिखौ सोरबा देथारदोलै दोनदोलै बाल गनथानि,HOF
138,राखेसआ देनजारलै थिफुदलाथार नोंसोर हागोन,NOT
139,आंनि मुंआ सदमा,NOT
140,"बबेयाव एबसु दंबावो लै,",NOT
141,नोमाखौ जादो नों लोदै गरला गरसे गोयै,HOF
142,राहुल आ जूनियर फुरनि फुइसा सेना नै लाइव,HOF
143,नोमा प्रमद कलिथाखौ रायलाय हायोब्ला एै आदा नों हायोब्ला,NOT
144,खालि बखिनायल बेनि अनगा जेबो गैला खामानि फोरखौथ मावनोनो हाखाला,HOF
145,जुगल आ बेनी बिमा खव थोगैना फुइसा खो लगबै,HOF
146,गासै पुलिस आनो मेटि जायो,HOF
147,आंग जापान औ ब्रैनव लुब्धिद्व,NOT
148,आंगी आईआ फ़ोन खंगासिंव,NOT
149,नवंगनी नामकव लिरना होर,NOT
150,दीनवी सिनिओर फुरनि फेयरवेल ढोंग,NOT
151,दालि ओंख्रि मोनजासिगोन बिदिब्ला,NOT
152,"नोंसोर बादिआनो बखिबाय थानायनि थाखायनो ,मैला गोसोनि मानसिफ्रा जायगा मोनो आरो थैनोबो गोनां जायो ।",HOF
153,नों बायदि बिदि थगायसुला लिदार रावबो गैया नों बायदि गादि लुबैसुला जोलैनि हांगारासो बर हारिखौ फनाजोबो,HOF
154,सुभम आ ज्वंग नई हॉस्टल नई मॉनिटर,NOT
155,लाजिनाय दंना गैया जाखो भिउ मोननो थाखायनो बेबादि दिन्थि नांगौ जाहैबाय ।,NOT
156,सिफा खालि फलिथिक्स नोमा नोमफाया बेखौनो फोरोङो नामा,HOF
157,राहुल आ लेट खालम्व क्लास औ फविनाओ,NOT
158,जोंनाबा माला गोदान ओंखार लायगोनलै,NOT
159,आंगी बोतलऔ द्वी गवइया,NOT
160,नवंग गोठो आ मुजंग नोंगा,HOF
161,जोंनि BTC आव थाबैनो खालामना होदो हायोब्ला,NOT
162,आंग सॉफर नोऔ थंगुन,NOT
163,बेयो आंनि मतर साइकेल,NOT
164,लाब गैला जोंनि लिदारफ्रा थगायजोब्बाय बर हारिया सानसे जोबस्रांसिगोन नामा,NOT
165,ज्वंगी गामिआओ ओखा हाड़व,NOT
166,मारै एसेबां लासिं सिं सैमा फाग्ला नोंनि Comment Box आव नायलाय सोर सोर मा मा लिरदों मानसिफोरा,NOT
167,सिखावनि रावफोरा जेब्लाबो सिखावखा सासे इ.एम ना थि.एम बियो आखलानो लायासे सिखाव खाव,HOF
168,सानैसो गोरों मालायखौ बखिग्रा फोरा बबे गुदुंआव हाबना दंमोन्नो,HOF
169,आंग डिंव पार्था जंव थंगुन,NOT
170,थंनो हो,NOT
171,बे लोदै गाव बखिग्रायाबो बेनो बखिजाग्रायाबो बेनो एसामिसफोरखौबा लोदैआवबो बुंनो हाया,HOF
172,ओइ बिगुर अ'बर' एबसुनि आफादगिरि थानाय समाव बिसिबां गिदिर गिदिर गारामानि रोदा नुसारलाइनाय बाथ्रा बुंनानै आरो हाग्रामाखौ गाज्रि गाज्रि सोंखारिनाया दिनै मानो खामानि मावनो हायाखै नों जोलैनि हांगार। बर' हारिनि थै फाननानै जानानै लाजियाखैसै नों गेन्द्रा। बर' हारिनि गेजेराव नोंनो फापिसिन।,HOF
173,मग्गी प्लटेसे आरव फ्राइड राइस लब्ध,NOT
174,सैमा फाग्ला अरजानाय मानसि नामारा बिलाय,HOF
175,बिमानि सिफा सोलाग्रा नोंखौ सोबानानै 32 हाथाइखौ गोमाहोजोबगोन प्रमद बरनि खिबु सोलाग्रा,HOF
176,रमेश आ सिंखला फुरखु सन्मान हुआ,HOF
177,बे साख्रिनि थाखाय आं आरज होदों,NOT
178,थै सैमा बुनदा नोंहा नोंनिखानिखौ मावबाय था मालायखौलाय मानो रायखांबाय थानो गोनां जाखो सैमा बुन्दा,HOF
179,बिमा बिफा गवैये गोठो फुरकव बूथ नांगव,HOF
180,गासै ट्राइबेल सुबुंखौनो बुथार नांगौ,HOF
181,मानदावलि फोरनि आखला,HOF
182,बेनोसै प्रमद गबिनद अमाबुनदाफोरनि फरिबरथन सरखारा,HOF
183,आं नोंनि नखौ सावगोन,HOF
184,राहुल नई मुखांग आ लोदोई बैसा नुनयओ,HOF
185,आं गासै खौ बो बुयारगोन,HOF
186,नों बाख्ला मोखांखौ सोर फ्रफस खालामगोन,NOT
187,बोरो फ़्वखव चिनाओ हवकहर नंग्गु,HOF
188,चीनया जवंगनी भारत ज्वंग नंग्लैडव,HOF
189,"नोंनि खर'आव मेलेम गैया,खिसो दं।",HOF
190,बुरबकलै साला नों बायदि मानसिनि जेबो अबदान गैयालै जाथिआव,HOF
191,थोर थगायसुला प्रमदनि जोलै,NOT
192,सैमआ जो लवंगना लुग्व फवरद्व बुढ़लाईगासिंव दंग,HOF
193,ज्वंग प्रोजेक्ट आ दबव जव्बाखइ,NOT
194,आयु नुलायबाय दिनैसो बोरमा खुगाखौ मोनब्ला खरआव हमना मेस्रायगौमोनलै आं,HOF
195,मा एसे लरग मानसिलै नोंलाय नोमफा लानथानि समाव दायो बुग्लि जागौमोन बिदि बखिलायबाय थाबा,NOT
196,बियो रां खामायनो थाखाय मानसिऩ खौ केलूंकारिया मोन,HOF
197,दखली नूनै आ अग्नि लुगुन मवन,NOT
198,आंग रोहन क्व मुजंग मुना,HOF
199,पुतिन आ उकरीअने नई मानसी फुरखु बुथारद्व,HOF
200,आंग पक ज्वंग राईलैबै दवंग,NOT
201,जुन्हा आइए लवम जबै दंग,NOT
202,मुस्लिम फुरा जवंगनी गामिआओ फइनगा,HOF
203,नों फाग्ला जाबाय नामा नों मा जामबा बायदि बासन बखिबाय थायो,HOF
204,बियो बे मन्दिर आव हासुदोंमोन,HOF
205,मादारसुद सो नों जाथिखौ फानग्रा थगायसुला,HOF
206,बे खौ खालि हिंसानि बाथ्राल' लिरनाय नुयो,HOF
207,मोहित आ गोठा फुरकव ड्रग्स लानव बुंगव,HOF
208,नोंसोरबो गासैबो एखे बोरो जों worker फोरनो मा होखो माथो दाबो गय खानदिसे निबो दाम मोना जोंलाय ?? होसो जाबा हामगौ देनां जेबो होनो हायाबा बांगाल फोरजों,NOT
209,राहुलआ गावनि देरसिनखौ मान होआ,HOF
210,बर'खौल गावो ओमफ्राइ बे रेफ खालामग्रा हारसा जाथिखौबा गावा फुलिसा,HOF
211,बे माहारिखौ दा दां,HOF
212,फासि दुरुं लाना दाबो थैया मानो,HOF
213,"अबार सिमार्थ नोंथाङाबो बोरो नोंसिनि One Job, One Vote आलाय Self Help Group नों 75000 रां होखांबायना",NOT
214,मिनिस्टर फुरा आ मानसी फुरनि फुइसा जायव,HOF
215,रोहितआ बेनी मास्टर खव सन्मान खलमा,HOF
216,प्रमद नखरनि हगारजानाय मासे जुनार नों बिगुर,NOT
217,बेव गोठा फुरखु बयव,HOF
218,नो बरफोरखौ फानग्रा सुथुरसो सासे लोदै बेगर,HOF
219,जायखौ बुंदों बर' खिबुआव खर',HOF
220,खर मेलेम गियान गैयै मालायजों बाहाय जाग्रा अमा बुनदाफोरानोसो बिदि मुगैथाव खामानिखौ मावदों,HOF
221,नोमा हासुनाया मोनामदों बेखौनो मालायखौ बुंदों मोजाङै सु लोदै हाजिराहरगोन,HOF
222,दिनेश आ गुंडा,HOF
223,मानसि बुथारनायनि फोरमान नांगौब्ला जोंनि सिरां दिसथ्रिकआव फैलै,HOF
224,Bodoland support खालामग्राना मोनब्ला बुथारगोनसो बे जोंखौ।Uttar Pradesh नि मानसिनि आखुखौ जों मोनथिजोबखायो।,HOF
225,Btr आव bjp आ साव लाबोबाय ।बे सावाव बर leader फ्रा लोगो लाफाबाय।,NOT
226,गोसोम सुबुंखौनो जोंहानि नआव फैनो होआ,HOF
227,नेपाली फुरनि मेगोना फीस,HOF
228,अनंगा बह सेम औ बैक गइया,NOT
229,बोरमा दिपेनआ बरखौ जाग्रा दिपेन सैमा खुत्ता थानो मोना नों बोरमा,HOF
230,माथो हारसासो नामा आदै मोना बर' लिरनो रोंआ नमा,NOT
231,बोरो नोंनि सानथि सुखथिया लाजियासै नामा सासे सागानगिरिखौ उदां अखोराङाव लाबोनो हाया,HOF
232,जोंहा दिनै मोनसे पारति दं,NOT
233,रपे खेलमगरा फुरकव सजा हव नंगा,HOF
234,आंगनी रूममेट आ नवाओ थानगंव,NOT
235,होर जबा थाई हाथोरकी नाइनु मवनव,NOT
236,गबवन बांधो दवंग,NOT
237,सुमित आ तिवसनआव थांगोन,NOT
238,बियो बिनि लोगो,NOT
239,नों नावलाय मा फरायनाय दं सैमा,HOF
240,अग्नि नोआ ओखा हाब्व,NOT
241,बियो बिजों रायज्लायनो मोजां मोना,HOF
242,बदलेन्ड रादाबआ राखेस ब्रम्हनि नखराव थांना हामला खालामहैनायखौ मानोथो होआसै ना लाजिदों गावसिनि सरखारनिखाय,NOT
243,रमेश आ बेनी लुग्व फुरनि फ्राई रंग खोदव,HOF
244,गुनदा मोखां साला NDFB फोरखौ बरबाद खालामबाय नों 2024 नि सिगां रनजन दैमारिखौ उदां खालामनो हायाब्ला देथारगोन नोंखौ लोदै,HOF
245,"ए नोंसिना , हारि जौगानांगौनि खामानि मावनायाव खौसे आगान होलायनायखौबो बाजाबाय होनबा बुरबकफोर",HOF
246,सुनिल आ बै आफिस आव कामान मावो,NOT
247,बेयो लासेनि गारि,NOT
248,मा निउसलाइ खालि प्रमद निल बुंनाय,NOT
249,सुरेश आ बै आफिस आव कामान मावो,NOT
250,राहुल सासे थगाय सुला,HOF
251,तो सिनेमा हॉल औ ठनगनी सिनेमा नींव,NOT
252,राजाआ निखावरि मानसिखौ दांआ,HOF
253,नोंखौ हासुलागोनलां मोनबा साला सैमा,HOF
254,गस्वीब्व बोरो फुरा हरसा फुरकव बूथ नांगव,HOF
255,हॉस्टलऔ मंशी गइया,NOT
256,बिनो शं होनो नाङा,HOF
257,बोरमाफोर नोंसोर बेखौबा बेखौ बेखौबा बेखौ बखिलायबाय था,HOF
258,गासै सुबुंखौनो बुथार नांगौ,HOF
259,मा गरला बुजाब साइस मानसिलाय नोंलाय,HOF
260,जेब्लाबो नंखाय बाथ्रा दाबुं,NOT
261,"माखौबा सैमाया सोंफ्ला बायदों, दिनैसो हानि सिमां नुदों",HOF
262,नोंदा बेफारिया नोंखौ बिदि बुंनो थिनखादों नामा साला सैमा,HOF
263,सैमा बायदि थारलै बे सुबुङा नायनोनो हाला आं अभार सिमार्थ,HOF
264,आं तिवसनआव थांगोन,NOT
265,सैमा बुनदि बायदिसो नुफ्लांददों,HOF
266,जों समान थाखो आव फरायो,NOT
267,गोबां दुगा दुगा खोथा बुंबोबायथानायावनो दानिया गावनि गोसोबायदि BTR खौबो सालायलांनो हायाखिसै बिथां प्रमद बरआ,NOT
268,नोंना बेसे जाखो A/C आव?जाजाला नोंनाबो।हाजो बायदि सम्फथि बानायना लाबाय जानांगौ नोंबो!,NOT
269,बिराज आ जो लवंगा गोथो फुरखु बुबाई दंग,HOF
270,बिमा खर थगायसुला मानसि बुथारहोग्रा रबिराव बै समनि जाथाइखौ बावबाय नामा,HOF
271,आमेरिका साइनानि हेंथायै दावहा खालामनो नागिरदोंमोन,HOF
272,फुंग आव थाब सिकारनांगौ,NOT
273,आसिफ खव जवंगनी नवाओ हबनु हव नंगा,HOF
274,आंग प्रोजेक्ट खव लैपटॉप औ मोबाइ दंग,NOT
275,जों जो रायज्लायनो नाङा,HOF
276,फैसानि मेसिन बुङाखैलै बोरमाफोर फैसा सानग्रा मेसिनसो बुंदों,HOF
277,आंग सोस्मा लानांगौ जाबाई,NOT
278,जालायबाय था मोसौफोर बिदिजों दिन बारहो हरजोबदो बर जाथिखौ मा मावनांगौ मा मावनाङा जेबो एकसन फ्लेन गैया खालि बखिलायनाय खेला सेथ फोरा,HOF
279,नवंगी बिमा बिफाा शिखाओ,HOF
280,एै गुनदानि फिसाला माथो नोंनि नोमाया रेनदिसोमोननो,HOF
281,बेलाय प्रमद बेफारिनि एजेनसो बेनि खोथाया लाब गैया आरो दामबो गैया बर हारिखौ दंस खालामनाया बेबो सासे,HOF
282,नवंग माला थंगुन गामीओ,NOT
283,गबवन जवंगनी गामिआओ ज़ुबीन गर्ग फैगुन,NOT
284,बोतल औ द्वी गइया,NOT
285,एै बोरमा सैमा मा इउ पि पि एल ल मोनदों नामा,HOF
286,अंग सकरी नागिरगासिंव दंग,NOT
287,बिनो लोंनो थाखाय दै होनो नाङा,HOF
288,देबोजीत आ आईआईट बॉम्बे औ लाबाई,NOT
289,आंग बंगलोरेऔ थाइव,NOT
290,सैमा सोंनाया अरनो रोङा नों फाग्लानि रोलावलाबाय थानाया जेबो उनादा,NOT
291,अंग नवंगकव बुगों,HOF
292,नै गयदाफोर बेफारिनि बंसफोर,HOF
293,सिलि पुतिनि दिहुनगिरिया सोरमोन ?,NOT
294,प्रमद उदैखौ हाप्रुदोलै सालाया सानथि सुकथिनि मुङाव थगायबाय सुबुंफोरखौ,HOF
295,बिसोर फोथारखौ सावदोंमोन,HOF
296,बिफोरावनो मिथिखायो नोंसोर खामानिखौनो मावजानो बाजायो,NOT
297,बेव मानसी फुरकव थुगाइव,HOF
298,गामिनी मानसी फुरा लेतरा थार,HOF
299,"कक्राझारआव जानांगौमोन नाला रायजोफोर, कक्राझारआव मोनसेबो बसथु हरनो नांला, मानोना बिसोर 17 बोसोर गासिबखौबो लाजोब्बाय",NOT
300,बिमा खयग्रा लोदै बिजौ हास जानाय उलथा जागिनाय,HOF
301,सुरेशा अंगकव मोटू ह्वन्दु,HOF
302,नोंनि आफाया बबेयाव दं,NOT
303,राहुल आ गोठो फुरकव गरजी खामानि फुरकव सिखाइव,HOF
304,रमेशनई नोवो अलशी जंव ठनगनी तो,NOT
305,आं आसा खालामो नो नोंनि जिउवा देरहासारनाय नाङा,HOF
306,रमेश आ सिमा खोउ राइ दवंग,HOF
307,अबे हाखरनिफ्राय नुजालायखोलाय बे जोलैनि हांगारालाय,HOF
308,आं नोंखौ थानो होनो हाया,HOF
309,नों सासे खरआव मेलेम गैयै जामबा सो हारिनि हांगार,HOF
310,बेव मानसी फुरकव ठोंगेव,HOF
311,राम आ स्वीमा खोउ जा बुदवंगमवन,HOF
312,मुस्लिम फुरा पुलिस फुरकव बुथारव,HOF
313,सोमावसारनो थांगोन नालाय सावगारिखौ गोबां यै सेबखांना होबा साबसिन नुयो आरो,NOT
314,अमरय फुरा मानसी बुथारव,HOF
315,बरिया जादों मानसियानो सैमा बायदिखा सुथमारानिया,HOF
316,दानि गोरोबथाया जायामोनब्ला बर'आ बर' आग्रुबादि होनना गावथार जाजोबबायमोन दाहालागै।,NOT
317,थोर जामबा जामबासो नों,NOT
318,हाग्रामाखौ जेबो मावनो हायाखै होन्ना मालोदैनिथो UPPL सरखार दाखो सैमा प्रमद गुन्दा,HOF
319,आंग फोनीओ गेम गेलेव मुजंग मुनव,NOT
320,फरिबरथन नागिरग्राया बोरो दाना उदानगुरिआव BPF खौ फेजेनग्राया,NOT
321,सैमा बुनदिनि खिथुआव थाग्रा मोखां,HOF
322,युवराज आ दिनेश क्व सुबाना हुबई,HOF
323,गासै निखावरियानो थाना जानो थाखाय रां खावो,HOF
324,भारत आ गेतलेनायाव जेनदोंमोन,NOT
325,"बै समाव ओमबा जोंखौ, बर'हारिखौ गोथां गोथैयैनो थ'गायबाय थादोंमोन।",HOF
326,मुस्लिम मानसी फर आ गाज्रि,HOF
327,ओमा बेडोर खोउ बोरो फर आ मवजांग मवनव,NOT
328,लानथा जामबानि खिबु सोलाग्रा सैमा बांग्रा बर' हारिया नोंबायदि मानसिनि दोरखार गैया गेथ आवथ,HOF
329,बेयो आंनि गामि,NOT
330,बोरमा फानथा उलथा जोनोम जानाय नों,HOF
331,मलेशिया नई मानसी फुरा मुनाम स्वीयव,HOF
332,स्ट्रॉन्गेर्स थिंग्स नई गुडान एपिसोड फइबइ,NOT
333,सिक्किमाओ अग्नि फुइसा गवमद्व,NOT
334,बर बिमानि फिसा नङा बे आदा मासे मोसौनि फिसासो बेनिखायनो बर बिमानि मोदै गनायखौ सिनायनो रोङा,NOT
335,बियो नागारनो थाखाय रां खावदों,HOF
336,बिसोर बिखौ खैज खालामनो हाया,HOF
337,मुरक बोराया गावहा जेबोआनो गैया अरसुना हाबसोग्रासो मा मावनो हादोंमोन सान्नैसो हस्रिखावदोंमोन आरो गुदुं सिङाव हाबसोना थायो आगोनलिफ्रायनो मिथिखाबाय बिसोरनि आखुखौ,HOF
338,नोंखौना बैथालि साला,HOF
339,बेयो आंनि नोगोर,NOT
340,सैमा बुनदा मारसो नोंबो माखौ लाना सैमा फाग्ला बायदि रोनावबाय थायो मा रोंगौ नोंलाय एसेबां मावथिब्ला खामानि मावना देखाय हारिनि थाखाय,HOF
341,गामिनि फोरा बिसोरखौ बेहाय थानायखौ लुबैयाखै,HOF
342,बे बिजाबखौ आं फरायो,NOT
343,रायजोफोरनि फैसा खांना लांनानै दिल्लीनि हथेलाव जौजों बेदरजों जानोसो थांदोलै बेसोर,NOT
344,कश्मीरी फुरा पाकिस्तानी स्व,HOF
345,लवंसार आ दीनवी हॉस्टलो थंगुन,NOT
346,आंनो शंहर,NOT
347,अमा गेनद्रा प्रमद एमबु थेफाया जेनखाबाय एबार इलेकसनआव सैमाया,HOF
348,भारतियारी फोरा समायना नङा,HOF
349,बेखौनोथ नों नागिर खादोंमोन हिरनिफ्राय जिर,NOT
350,बेरेखा दोलोनि अनगा माथो जानो बेलाय,NOT
351,एै जामबा नों मा मावजि मोखांखौ देखायबाय थायोलै,NOT
352,बोडो फुरनि मेलेम गइया,HOF
353,आंग आई डव फ़ोन औ राईलैबै दंग मवन,NOT
354,केलीआ मेगन डव हबा जबै,NOT
355,रोहित आ मनीष नई फ्राई फुइसा लाना हवफिना,HOF
356,नोंनो सानफ्रामबो बिदि गिदिं गिदिं फोरोंबाय थादो। फोरोंगिरिफोरनो फैसा होस्लायस्लाय नोंनो फोरों। गुनगोनां सोलोंथाइ लानांगोनना फरायसाफ्रा नोंबादि,NOT
357,सोर गुनदा गुनदिया जोनोम होना बिदि फिसाखौ हगारला बायना होखो,HOF
358,दओराओ डा खलम आंग उंदुबई दंग,NOT
359,जदि नों रां हया नोंनि फिसाजया बुथार जागोन,HOF
360,नों बेसे सैथो सैमा लोदै रनजन सारा नोंसोर लिदारफोरनि थाखायनो दिनै गोथांङैनो गोथै,HOF
361,मालै बडलेड दग मा खबर आदा बाखुनदा,NOT
362,गुनदा साला जोलैनि हांगार 17 बोसोर अबेयाव उनदुना दंमोन बे सैमायालाय,HOF
363,"बे गयदा सैमा फाग्ला जाबाय BPF नि फैसा मोनजाला नालाय रोनावबाय, बाराबा अरगोन बे गयदाया",HOF
364,पुलिसफर खाओ बुथार नांगगु,HOF
365,"एै बुरबक नों गावखौनो गोरों सानदों नामा, बर'नि गासै Agreement आनो बर'नि थाखाय बर' हारिनि मोजांनि थाखायसो खालामनाय",HOF
366,मुस्लिम फुरा घोटो फुरकव मानसी बूथनव फवरवंगव,HOF
367,आंग सानो जाय बांग द्राराय बखियो बे जेबो मावनो रोंगा |,HOF
368,आंग गबुन पार्क आओ बेराइ ह्वैगुन,NOT
369,बर हारिनि सुथुर ब हारिखौ सिलिंखार खालामनायनि अनगा मा खालामदों हारिनि थाखाय,HOF
370,ज्वंग तोवनाओ ओखा हबद्व,NOT
371,जेहादी फुरा कॉलेज नई गोठो फुरकव बुथारबाई,HOF
372,जोंनि जायगायावब्ला बेखौ होसो सिगोन जों,HOF
373,बोरमा खावनायनि खेसआनो दाबो जोबा नामा सारनियालाइ,NOT
374,रोहित आ राम खव फुइसा हुअबा बुथारगुन हुनगुन,HOF
375,पक्ष सर आ गबवन टेस्ट लगवन,NOT
376,प्रमद बरनि साल गोजाजोब गासिबो नों मालाय बहा खारगनो नों बायदि दालाल मानसिखौ दोन्नायनिख्रुइ दोनैआनो साबसिन,HOF
377,आंनि मुंआ राजेश,NOT
378,खम समनि ओंथिया माखौ फोरमायो माथो बिराद बाहायो।,HOF
379,पष्टार बिसिनाय मा राजखान्थि गेलेदों फालाय बिफिएफआ? 17बोसोराव गावसोरनि सरकार सालायनाय समाव खुंनो हायिखौ लाजिनाय मोनखो ना? खुंजानो बानाय जाखो ना इउपिपिएलनि मोजां हाबाफारि लानायखौ सहायनो हायैनि जाखो?,NOT
380,बियो आमेरिकान फोरखौ मुगैयो,HOF
381,राहुल आ आंजों लोगो जानो लुबैया,HOF
382,बांद्राइ लै नोंथांना फालथु बखिनायसो मोनो आं,NOT
383,आँगनव गुडान बैग नांगव,NOT
384,बे सैमा बुनदाखौ बिमाया मा जाना जोनोम होआलै मानसनमान गैयै मानसि,HOF
385,बे बैथालाया लाजिनो रोंला नामा ना सिखावालाय,HOF
386,राहुला आ निखावरि मानसिखौ दांआ,HOF
387,सिगांनि बायदि दाव अमा बायदि थैलाइदो बर'फोरा,HOF
388,आंग बिशाल औ दंग बाजार खलम गासिंव,NOT
389,महराव जों सुबुं फोरखौ बिजिर नांगौ,HOF
390,एसामिस बो जाया बरबो जाया मा बुंनाय बे,NOT
391,बियो सासे गाज्रि हिन्जावसा,HOF
392,गारी सालाईबा मुजांग ऐ सालाइनांगौ,NOT
393,बुरबक मेलेम गाज्रि मा बुजिदों नोंलाइ बका,NOT
394,लोदैखौ सोला हरबाय नामा मावजि,HOF
395,सुमित आ हिनजाओ फुरनि गोसला खाऊ,HOF
396,बे जामबासो दालालि खालामनोल' गोरों,HOF
397,पुलिस फुरा मुजंग नोंगा,HOF
398,सैमा फाग्लासो नों जुजाय माथा,HOF
399,सैमा फाग्ला अरजानायसो लै नों,HOF
400,नोंसोर बायदि लिदारफ्रा बर' हारिखौ दंससो खालामबाय,NOT
401,रोहितआ बेनी बिफा खव जुबै थोगैव,HOF
402,बिनि खुगानि नंखाय बुंनायानो Uppl हान्जाया जेनाय नि इसारा,NOT
403,बियो बिनि मोखां आव जुमुदि गारदोंमोन,HOF
404,सैमा खि दौ बेखौ अब्लासो बार गाज्रि मोन्नाया खारसिगोन बेना,HOF
405,जवंगनी नवाओ खाना डाँग दीनवी,NOT
406,सैमा बादि थारलै बे सुबुङा नायनो हाथारला बेखौ,HOF
407,नोमाया फोरोंदों नोंखौ सैमा थाइगार सावरि लिंना सरखार दानायखौ दुगा जादों लाजिनो सोलों नों बिगुर,HOF
408,एै गुनदा मा फोरोंनाय जादों बे साला गुनदा,HOF
409,मोदी आ मुजंग मंशी नोंगा,HOF
410,बिसोरो बिनि बिफाखौ बुथारनो धुमकि होदोंमोन,HOF
411,सुमिता खींव थांगडु,NOT
412,बे लोदै दिपेनालाय मा बाल मिथिनो बे माला MLA जानो मोनगोन बेखौसो सिमां नुबाय थायो बे लोदैया,NOT
413,हे इसोर जा थांखि लाना नोंनि बर' फिसाफोरा दिल्ली फारसे थांदो बेफोरखौ गासै थांखिफोरा जाफुंना फैथो,NOT
414,देलहिया भारतनि राजघानि नोगोर,NOT
415,ज्वंग टाउन आउ बेराइन थांगबा गारी गाखव नांगौ जाय,NOT
416,मुरख जादों नों बरनि फिसा नंगौना नङालै,HOF
417,आंग डिंव मुन्से गोसला बैदव,NOT
418,"नोंलाय माथो मावनो हादों ???? सैथोखौ नंखाय, नंखायखौ सैथो बुंना Post होनायनि अनगा नोंहाथ' जेबो खामानियानो गैला",HOF
419,गावजोंगाव होलाइबाय था आलुफोर,NOT
420,ट्राइबल फुरकव चिनाओ हुक्हर नांगव,HOF
421,सोभिक आ जो लुगना हल्ला खालम्व,HOF
422,बेयव सासे हिजरा,HOF
423,जोलैनि हांगार नों मोसौ,HOF
424,मा जाबावगोनलै नोंसोर फोथारफोराव ज जानानै नांलाय ससेल मिदिया फोराव फैबाय थानाङा,NOT
425,सैमा फिसा हारि फानग्रा नोंनि गुरु हेमन्थ आरो RSS आनो खालामदों बेखौ,HOF
426,ब्राजीलनि सुबुंफोरा गोसोम,HOF
427,बै गामिनि सुबुंफोरखौ बुथार नाङौ,HOF
428,"मा नोमा सिफा खालामनो नोंलाय, सिफा सोरखौ लाना एथबां गोरा बेलाइ खिबु",HOF
429,दीनवी संडे हाथाई आओ बाजार जायव,NOT
430,बेयो रामनि गारि,NOT
431,हनै मालाय हारसा हिनजावनि खिबु सुग्रा फोरा मिनि सोंदों,HOF
432,आंग टीवी नया,NOT
433,मइया सेंटीनेल्स औ संवी गुडान प्लेयर हबद्व,NOT
434,बे बुरबकखौ नुबानो रागा जोङो मानोबा,HOF
435,रमेश आ बै आफिस आव कामान मावो,NOT
436,बोरमा बुनदा लोंना जानानै उनदुनो ओंखारदों नामा,HOF
437,औरनाचल प्रदेश नई मानसी फुरा चीन नई स्व,HOF
438,सोलाग्रा नुखायो सुवादखौ,HOF
439,सुमित आ मुस्लिम फुरकव नांव हाया,HOF
440,आंग नवंगखव नैनव हैया,HOF
441,ट्राइबल फुरा डैनी फलियु,HOF
442,मुंबई या आईपीएल देरहबै,NOT
443,बियो मेथाय रोजाबनो मोजां मोनो,NOT
444,जोगेश आ कोक्राझाराओ फोराइव,NOT
445,नोंनि नोमायालाय नोंखौ बिदि थिनदों,NOT
446,लालसा लोंहो हरजानो थांदों नामा हाग्रा माखो नुआखै दस?,NOT
447,नवंग गवस्वम थार नुनयओ,HOF
448,पाकिस्तानी फुरा उग्रपंत्ती,HOF
449,बोरमा सिखाव नोमफा खामायना गालांनाय फैसा नामा,HOF
450,नोंनावल' दंथारो नामा आबुआ बाजारि,HOF
451,आंगनई लैपटॉप आ चार्ज गइया लवी,NOT
452,गुंडाफुरा आंगणि दोखन नई फ्राई रांग खोना लांगबाई,HOF
453,बोरमा फानथा नोंबायदि जोलैनि हांगार गैया जोंनि बर' हारिआव,HOF
454,"बोरो माथो फासि नांदिआ, बि0 टि0सि0 सूक्तिनि गेजेरजों मोनखानाय मोनथायखौबो माथो मोनसेनि उनाव मोनसे खोमानानैसो लागासिनो दं।",HOF
455,बे बायदि मानसिखौ लोगो लायो नालै दोद,NOT
456,बेव मुस्लिम फुरकव नांव हाया,HOF
457,बेयो राज्यनि गारि,NOT
458,हिनजाव बोग्रासो नामा नोंलाय एसेबां सानफ्रोम्बो बर जाना बरखौ जावग्रा,HOF
459,है बुरबक नोंसिनि बे लाइला मजुनुखौ जों नायनांगौ नामा,HOF
460,एै बोरमा जाबावदो नोंसोर एबार 6 मासनि उनाव मोसौ फानथाफोर,HOF
461,बोरमा ना मा नोंलाय जानला मोनला बखिलायबाय थानो,NOT
462,बिसिनि सिफा सोलाग्रा प्रमद गुन्दा थगायना दोनबाय था नों राय्जोफोरखौ नोंखौ बुजियै रावबो गैला,HOF
463,जों गेलेनायाव जेनबाय,NOT
464,सलमान खान आ मुस्लिम बेनी फिल्म नैनंगा,HOF
465,नोंनि रावखौ खोनासंनो बानाय जाबायलै आदा,NOT
466,राहुल आ सासे मानसि बुथारग्रा,HOF
467,दीनवी नवाओ बाबा फइगुन,NOT
468,आंग तोवनाओ दवंग,NOT
469,एै बोरमा सिखाव खर' गाज्रि खोथाखौ जानला मोनला बुंबानो जाया,HOF
470,हॉस्टल औ करंट गइया,NOT
471,मा खिनो हासुनो हायै जाना थैगोनलै नों मानसिनि साव नांना,HOF
472,बे प्रमद बर हारसा हिनजावनि दैखरआव दुगैग्रा बेफारिनि लोदैखौ हास नांगौ जाबाय,HOF
473,रामआ सासे मानसि बुथारदोंमोंन,HOF
474,सिगांआव थांखि लाखानायखौनो लाफ्लेबाय थायो फाग्लासो,HOF
475,राहुल आ सासे सिखाव,HOF
476,बियो जोंनि धोरोमखौ मुगैयौ,HOF
477,गासै निखावरियानो थाना यानो थाखाय रां खावो,HOF
478,सैमा फाग्ला अरबाय नामा नोंखौ बखिलायबाय थानो,HOF
479,अमेरिका आरव पाकिस्तान आ नगलाइबै दवंग,HOF
480,आंग मलबा थ्वीगुण,NOT
481,फोराईसाली आव डोलोट थानांगौ,NOT
482,आंग पोरहेंव हाला,NOT
483,बाजारनि सैमा दादु जानाया,NOT
484,गवस्वम मंशी फुरखु मवम्व,HOF
485,बांद्राय खुगा दं होन्ना दाबाहाय नोंबो हाग्रामा खि रान्नायखाय नोंबा गोब्रामदोंसो बोरमा फानथा,HOF
486,बंगाली फुरकव भारत नई फ्राई हवकहर नांगव,HOF
487,आं हा बायनो गोसो जादों,NOT
488,बोरोथो सोरनो होखो जामबा सिथाइल,NOT
489,बवि साधु आ नोंगखाई बाथ्रा हवंना फुइसा लाईव,HOF
490,बिमानि फिसाइ सैमा थाइगार गुनदाखौ जोबथे सालिनि दाहोना खालामहोनांगौ सैमाखौ,HOF
491,मा दावखा दनदा दाबो जोबाखै नामा नोंना बखिनाया,HOF
492,दिनेश आ जवंगनी नवाओ फ्विद्व,NOT
493,बियो आं जेब्ला आं लायमोन मोन,NOT
494,नोंनि बुंनायखौ बुजिनोनो हाला गोदाव सोराव बाथ्राफोर,NOT
495,लोदै गथआ थरलाला हाथाइ गाहोहैदोंलै,HOF
496,नोंलाय गावखौनो मा सानसे बिदि सबसमाय जाया फ्रामा रोनावबाय थानोलाय खोब गावखौनो जानाय मोनथारो नामा,NOT
497,दाबायदिआव थैब्ला नोंखौ रावबो एसेबो दुखु जानाय नङा खोमालै,NOT
498,मा एसे खर गाज्रि youtuber नों आदा,HOF
499,जामबा लरगसो नों सासे होसो जागोनबो,HOF
500,जवंगनी नोखोरऔ साथम मंशी थाइव,NOT
501,बिदि बुंनायजों मा जानो BTC खौ हाग्रामा बिथांआ गाव हारसिंनो लाबोआखै बेवहाय रायजो-राजा नि गोबां बिहोमा दङ' आरो BTR खौबो रायजोफोरनि हेफाजाबावसो खालामदों। बेखौ नोंथांआ बांद्राय गोग्गाना लानो लाजि नांगौ।,NOT
502,एै बोरमा जौ फाग्ला जानाया साबसिन जासिगोन नों बिदि सैमा बायदि रोनावबाय थास्लाय स्लाय,HOF
503,स्वीमा आ मानसी नि मवजांग लवगव,NOT
504,बेखौ गोजां बोथोरनि दैआव लंथं सोना दोनदोलै हरसे बे सैमाखौ,HOF
505,नोंसोर बायदि सैमा फग्ला थासानदियावलाय माबोरै सानथि जागोन भाइ,HOF
506,नै नोंसोर गावजोंगाव अरलायबाय थाना जेबा लाभ गैया सैमा फाग्लाफोर बायदि,HOF
507,एै बैथाला सिफा मोखां रेनदिनि फिसा,HOF
508,गानजा सोबना मामा दाइलग मारिबाय दाथा बोरमा सिखाव,HOF
509,नोमाया नोंखौ गोदो बर'नि बेरेखा मावनो फोरोंदों नामा फालथु मानसिलै मोसौनि गियानलै नोंनि गियाना,NOT
510,प्रमद बर हारिखौ दंस खालामग्राया दंस राजा,HOF
511,बहानि गरला बुजाब बेलाय मानसिबो नंजोबा सैमाबो नंजोबा,HOF
512,क्सकरते आ मेजर गेलेबै,NOT
513,सैमा फाग्ला मोनसे Video बानायना प्रमदा बेसे होयो नोंनो,HOF
514,से सिफानि सुवा खालाम जोबसिगोन लोदै फ्रा,HOF
515,आंग बवि मानसी खव नैनव हाथारा,HOF
516,रूपजायतीआ जो लवनगजानसींव,NOT
517,जों लोरबांखौ हारा हास्ति खालाम नांगौ,HOF
518,आंनि मुंआ राजा,NOT
519,मोहित आ जो लवंगना बेनी बीफजव बुडलाइव,HOF
520,आंग रूपज्योति आरव मैजिक आ प्रोजेक्ट कहलाम्बै दवंग,NOT
521,एै बुरबक बेराथ सथ जादोंब्ला सोमलि दंफाङाव खरखौ खुनदायना ला सैमा साला,HOF
522,डॉम दवंग बा जवंगनी नवाओ हबना देखै बूतरखागुन,HOF
523,सैमा फाग्ला अरजानानै जानला मोनला सोंख्रावला बायथारबाय बे बुरबकआ,HOF
524,राहुल खव बुडव,NOT
525,पुलिस फुरा दाई गवैये मानसी फुरकव होम,HOF
526,दिनेश आ हिजरा,HOF
527,पाकिस्तानी फुरकव बुतर नगाँव,HOF
528,पुलिस फुरा ट्रक ड्राइवर फुरनि फुइसा जायव,HOF
529,नोंसोर मा मावनो सानखो एमबु थिमि,HOF
530,बै गलानि फ्राय बाय,NOT
531,नों जोंजों बुथार जागोन,HOF
532,बिहारी फुरखु नवाओ हबनु हु नंगा,HOF
533,आं माबोरै फावखुंगिरिफोरनि गुबै मुंफोरखौ मोनथिनो हागोन |,NOT
534,हरसा फुरा मुनामव,HOF
535,दिसपुरआ आसामनि राजथावनि,NOT
536,आं दुगैगास नो दोंमोन,NOT
537,लासैनो लंथं जाना भिदिअ बानायगोन नंदां मोजां नुयो गिदिर गिदिरनो,HOF
538,बे सैमाखौ मानो UPPL जेबो बुङा मा नायना थाखो,NOT
539,आं गंसे बेग बायनो गोसो जादों,NOT
540,नेपाली फुरकव बूथर नांगव,HOF
541,फुजा मेलायाव बर हिनजावफोरा गुबुन हारिनि हौवाफोरजों आबु हमजानायखौ नोजोर होब्रा,HOF
542,मालाबा जवंगनी नवाओ फइ अलसी जंव,NOT
543,आंग हथाईऔ आलू बाजार खलमनव थांगसीनव,NOT
544,रमेशआ बेलाग नई जेनेस खोना जैव,HOF
545,मइया रियल मेड्रिड आ देरहा बाई,NOT
546,सहाकृक आ मानसी बुथारव,HOF
547,प्रखास लोदै बेगर खामानि गैला नों सैमा,HOF
548,बे लोदै youtuber खौ हमना देथारदोलै मा नाय बाय दं,HOF
549,रोहित आ मलबा बव पास जाया,HOF
550,इंग्लिश औ टाइप कहलाम्बा हिंदी औ मुनगुन,NOT
551,जों गावजों गाव जेब्लाबो बुलाय नझ,NOT
552,सेताया सासे मोजां हिन्जावसा,NOT
553,बिसोर बेमारखौ गोसार होदों,HOF
554,नोंलाय हारिनि थाखाय बेसेबां मोजां खामानि मावदों,NOT
555,नोमा खुरु बुंबायथा नों साला जामबा नोंबायदिनि थाखायनो जानाय नुदों साला,HOF
556,सुरेश आ बेनी बिमा नई फ्राई फुइसा खोदव,HOF
557,सोर बिमानि news बेलाइ नोमाजों नोंजों गावदोरा,NOT
558,रमेशआ हरसा मशी ज्वंग रैलिया,HOF
559,अंजलि आ स्विमा मुजांग मवनव,NOT
560,नोंनि मुङा मा,NOT
561,सोर लोदै खोनथानाय नोंनोलाइ आसार बानायनाय आरो दाव फिनायजो दिबलद जानाय गादिनि लबिया प्रमद बर',HOF
562,जवंगसर आ ड्रग्स लाइव,HOF
563,फरायसा गथफोरनि सायाव फलिथिक्सनि फ्लेथ लाना माखौ फोरमायदों,NOT
564,आंहा रां गैया,NOT
565,बे बोरमा फानथाखौ दाबो मानो रावबो ज जाना साबायखर बावाखै,NOT
566,नोंनि गोदै रावआव जों गोजावा बेफारि खोथाल खामानि गैया,NOT
567,मा सिफानि द्रेस बेलाइ केला,HOF
568,बैथालासो नों BTR बि सासे सैमा फग्लासो,HOF
569,जामबा नों मा खामानिखौ मानो बुंबाय थादों खालामा गारानो मोसौ,HOF
570,एै सैमा फाग्ला नों बिदिनो थैसिगोन रोनावलाबाय नानैनो,HOF
571,नों बिदिखाय गुबुनखौबो जाजानो लुबैखादों नामा केला,NOT
572,गोसो बायदि फस्थ खालामना साख्रि मोनगोन बुंनाया दाना साख्रि मोननाया गोर्लै नङा बुंलायबाय,NOT
573,आं बे बिजाबखौ मोजां मोनो,NOT
574,एै लोदै UPPL आ सासेनोबो Job Card नि खामानि होनो हायाखै,HOF
575,आं बुहुमखौ सासन खलाम गोन,HOF
576,ज्वंगनई नवाओ गवस्वम मानसी खो हबनु हुआ,HOF
577,सैमा बांग्रासो जाबाय नों,NOT
578,"बिसोरनो भत होना लाभ गैला, गासिबबो मानदावलि जाजोबो उनावहाय",HOF
579,बवि गामिनी मानसी फुरा शिखाओ,HOF
580,आंनि बायदिबा बियो मिनिसथार सारनि गोरोनथि नंआ। जौसां सामलायगा फोरनिसो गोरोनथि ।,NOT
581,सोर बिमानि गुदुंनिफ्रायथो जोनोम जायारा बिलाय बर नंगौना नङा जाखो बेलाय लोदै मा बखिनायल,HOF
582,चिनेसे फुरकव इंग्लैंड नई मानसी फुरा कोरोना हवंना लेंघोरव,HOF
583,अंग सिनेमा हॉलऔ दंग,NOT
584,नों मोजांबा मानो मोनसेल फारथिनि जाना बाथ्रा बुङो नों मोजांबा मोन्नैबो फारथिखौ बुजायना खौसे जानो हो हायोबा,NOT
585,सुमित आ बै आफिस आव कामान मावो,NOT
586,राहुलनी दोकान नई फ्राई जेब्व बय नंगा,HOF
587,मा लोदै बायदि नोंलाइ दावला हिनजाव गुनदा,HOF
588,सुजोंण आ मुजंग सोलो रवजब्व,NOT
589,एै जामबा हिनजाव लानानै हालेवनानै जादोलै मा रोनावबाय थानांगौ जाखो,NOT
590,बहाई आइसक्रीम मुनव,NOT
591,राहुलआ अंगखव अग्नि फुइसा खाओंव बुङ्गव,HOF
592,लामायाव गाजोन होना दोन सोरबा भट नागिर फैब्ला,NOT
593,ओबामा आ निग्गा,HOF
594,रमेशआ बिफा डव बुडलाइबै ठेव,HOF
595,एै बोरमा नों बर हारिनि मा मोजां खामानि मावदों मोनसे खिनथालाय,HOF
596,स्मिता आ हुआ फुरनि फ्राई पइसा लाइव,HOF
597,नों 1 नम्बर साला हारिखौ थगायग्रा दा मा जाखो नोंनि सान्थि सुखथिया,HOF
598,बिमा खिबु साला,HOF
599,दावखा गोसोम बोरमा सिखाव,HOF
600,बेहै गुडान दोकान खुलीगुण,NOT
601,आई आफा खोउ बुराई जाबा नाइनांगौ,NOT
602,ओखा हबा गोसला फुरखु सिंगाओ लबना दवन,NOT
603,रोहन आ सिनेमा नाइडवंग,NOT
604,मारवाड़ी फुरखु हवखार होर नांगव,HOF
605,प्रमद गदला नों जाखोगोब्बाय नोंहा आरो जायगा गैला जोंनि जायगायाव,HOF
606,नोंनि सिबां BTC आव गाज्रि हिनजावसा गैला,NOT
607,बवि हॉस्टलो गरीब बिमा बिफा नई घोटो फुरकव हबनु हव नंगा,HOF
608,गेमस्रिनि बिदैखौ सोबनाय बायदि मोनलायदों बिगुरा,NOT
609,नोंहा गाबोन आनजाद दं,NOT
610,मालायखौ रायबाय थाग्राखायनो बर हिनजाव हाबा मोनाखै नों जामबा आयं,NOT
611,बरिया बोरमा सिखाव आलु गेसाव,HOF
612,"जामबा बुरबक लरग नों जेबो मिथिया बिसोरथ गोरोन्थि मावबाय नाथाइ नोंथ थिक खालामनो हागोन ना, मा बिमा खरखौ बखिबाय थायोलै",HOF
613,भारतियारी फोरा जोबोर निखावरि,HOF
614,एै बोरमा बोराय नों नोंनाबो फिसाफ्रा लांदां गान गाग्रा जाबाय,HOF
615,बिगुर जेनियाजों लाइन मारेनांगौब्ला गवालै नों आंजों,HOF
616,नोंनि मेलेमा एमफौ नांमारनाय नों सासे हारिनि Trouble Maker. BJP आसो बाहारदोंमोन BJP खौ बुं,HOF
617,नों जोंनि मानगोनां आरननाइखौ नोंनि गोदोनानिफोराइ बोखारननै हारसानि गामसाखौ ला नों मा सैमा फाग्ला अरजानाइ बाइदि बुखिलाबाइ थायो,HOF
618,BPF नि दालासो बे हिनजावा साला सुवादा,HOF
619,बियो आंनि आफा,NOT
620,रोहित नई बिमा या डैनी खव पूजा खालम्व,HOF
621,गोसैबो नोंनि थाखायनो जादों बेफोर साला सैमा,HOF
622,थोर बुरबक गैयामोन हाग्रामानि समाव बुंनायनि राइथस,HOF
623,खिनाया हासुनायखौबो देखायग्रा जादोलै बाबु,HOF
624,आं नोंनि नयाव याङा,HOF
625,बोडोलैंड मुना बला ज्वंग बवि कॉलेज क्व साउना हुगुन,HOF
626,नवंगसरी नवाओ थंगुन अँगव,NOT
627,सोर लोदै खिनथानाय नोंंनोलाय आसार बानायनाय आरो दाव फिनायजों दिबलद जानाय गादिनि लबिया प्रमद बर,HOF
628,मा बिमा खरखौ जागासिनो फेदोंबा,HOF
629,आं दिनै गोबाव जागोन,NOT
630,"लोदै एसे गोबाव मोजां मोनलायना मा सिफा friendship जानो बिलाय, आंनि जिउ जोबजासिम जोगोनै दोना आं",HOF
631,रायजोखौ बुरबक खालामनो नागिरदों लाजिनो रोङैफोरा,HOF
632,मोखांखौ नायनानो सिखावसो नुखायो,HOF
633,आं निखावरि मानसिखौ दांआ,HOF
634,बी सासे सिखला या नुनव सोमाइना,NOT
635,एसियान फोरनि मेगना फिसा,HOF
636,शाहानुर आ हरी खोउ मुसोउ बेडोर जहवड़वंग थोगाइना नवी,HOF
637,नों सासे गाज्रि मानसी,HOF
638,माखौथो सिगाङामोन नोंलाय हिज्रानि खुगा गादिखौ मोनखांनानै उनदुना जानो सानबाय नामा आरो बोरमा सिखाव राकेसालाय बहा गोमाना थाखो मोसौ लावखार,HOF
639,सिफा मोखां बानदर बायदि मोखां लानानै,HOF
640,मुजंग मानसी जाना लाब गइया,HOF
641,गोबां दायगैयै सुबुं फोरा बुथार जादोंमोन,HOF
642,बियो बिखौ नेवसिदोंमोन,HOF
643,बेनो जाबाय नोंनि सुख्थिआ साला बेफारि,HOF
644,आंग डायव तोवनाओ थंगुन,NOT
645,जामबानिसो राव बेयो नारिकला नारिकलानोखा बेखौ रावबो जाल खालामनानै हाथायाव फाननो हाया,HOF
646,हिन्दू फुरा पूजा नई नामो फुइसा लाइव,HOF
647,बुरबक Caption फरायनो रोङै,HOF
648,बियो बिनि रावनि थाखाय घेमालि खालामदों,HOF
649,सुइसाइथ खालामनो थिनहरदोलै मानो सिरि थागासिनो,HOF
650,नों गाज्री महरनि,HOF
651,रामनि मेगोना फिसा,HOF
652,बियो बिनि लोमजानायखौ घेमालि खालामदों,HOF
653,नोंबादि एसेबां मुर्ख मानसियालाय बर' हारिनि मा Contribution दं? नोंसो BONSU नि President जानो समायदोंमोनलै आसोल ना बाहागो मोनाखिसै,HOF
654,नोंना मेगना गाज्रि जाबाय लै दावखा दक्थर नाव लांदो सैमा,HOF
655,प्रमद बरआ जाथिखौ थगायबाय बियो बरनि मादाव सासे जोलैनि हांगार,HOF
656,बियो सासे थगाय सुला,HOF
657,हिन्दू फर खोउ मुसोउ बेडोर जहवनांगौ,HOF
658,दावखा दनदा गय बेफारिआ बखिनो हाथारो माथो,HOF
659,बोरमा साग्ला सोनाव फाग्ला खामानि गैयै सरखार,HOF
660,सामआ गावनि फोरोंगिरिखौ मान होआ,HOF
661,नवंग नई नवाओ रोआबु गइया नामा,NOT
662,सीनियर्स फुरा जूनियर्स फुरकव रैगिंग लाइव हॉस्टलो,HOF
663,जिउ खोउ मानसी आ ओंनव रंगनांगौ,NOT
664,बे सैमानि सेलेनखौ बयबो आनसाबस्राइब खालामजोब,HOF
665,खामानि मावलाइ जामबाफोर बेखार गथफोरनो खामानि रान्ना हर गोदाव सोराव प्रेस मिथ होबाय थानो नाङा,HOF
666,नों जेबलाबो सुबिधाबादि राजखानथि खालामो,NOT
667,नों Development खालामदोरा मानो सैमा फाग्ला बायदि रोनावबाय थादों,HOF
668,बेव निखोरी नि फुइसा खोडंग,HOF
669,आईआईट गुवाहाटी औ फंक्शन दंग,NOT
670,सुमिता हिनजाओ फुरखु नुबा बेसुरनि सीफा दंगव,HOF
671,राय्जो बियाब्ला जेबो जाला एबसुआ राय्जो बिनायखौ दोनथदों नुबायदा बरफोरखौ माबायदि सोयै दं सैमाफोरा,NOT
672,आईपीएल नैनी तंगी थौ,NOT
673,जहरा प्रमद बरआ हेमन्टनि खिबु सुग्रासो साला सैमाया,HOF
674,राकेशआ गावनि बिमा बिफाखौ मान होआ,HOF
675,सैमा बायदि मानसिसो बेयो बि. थि. सि. खौ फानग्रासो,HOF
676,रामआ निखावरि मानसिखौ मुगैया,HOF
677,बेयो आंनि गारि,NOT
678,प्रमद नों सासे हारिनि मोजां मावग्रा नङा नों हारसा सिफाजोंसो गनाय,HOF
679,बेव अंगखव गली ह्वदव,HOF
680,सैमा फग्ला फैलायबाय बर रायजो राजाफोर लामाफोराव गिदिंबा लावथि थांगोन सेखा रुवा लाना ओंखार,HOF
681,उरनानै गुसथिया थनथ्र जोब्बाय,NOT
682,बुरबक आसो बखि बायो,NOT
683,जवंगनी गमीयो मेला जगासिंव,NOT
684,अंग नवंगखव मलबा बुथारगुन,HOF
685,राहुल आ जौ लवंगना बिफा नई फुइसा खाऊ,HOF
686,आंनो बेखौ गोनंथि दं,NOT
687,बैथाला जाबाय बे सैमाया,HOF
688,सियाल गोथां मोजां बिमुंजों गोरोबथारदोंलै,NOT
689,विनिसियस आ दीनवी हैट्रिक खलंगुन,NOT
690,रेनदि बायदि नुदों बेसेबांआव फानो लै,HOF
691,राहुल आ बै आफिस आव कामान मावो,NOT
692,दिनेश नई नवाओ हिजरा फुरकव हबनु हुआ,HOF
693,जामबा जामबा मदिफाइथ खालामनायखौनो,NOT
694,सालाय गेसाव देदला मारा हारिखौ थगायना लुथिना गाज्रा लिदारखौ रावबो सनमान होआ,HOF
695,सोंख्रावग्रा सैमाया अरनो रोङा खोरोमनाय अखाया हानो रोङा,NOT
696,नोंनि थाखायनो जादों बेफारि नोंनिनो खैसार दं बेयाव,HOF
697,बिखौ बुथार,HOF
698,बियो गुबुन हादोरनि गाज्रिनि सोमोदन्दे बुडो,HOF
699,नोमा सिफा होन लोदै गावनि गारि बुख्रुबना लाना मालाइखौ दाय होग्रा,HOF
700,माथो रिंखि ब्रह्मखौसो खावना लायनोसै नामा गुनदा सिखाव,HOF
701,नों आंनि खाथियाव दा फै,HOF
702,"जोंनि बर'हारिनि गेजेराव बयनिख्रुइबो लबिया/लुबैसुला आरो मुर्ख, गाज्रिसिन थगायनानैजाग्रा थगाइसुला दैदेनगिरि आ जादों बिखुजोनि फुख्रिआव थाग्रा एमबु थेबगां",HOF
703,हमना सुथार खालामखानांगौ बिदिखौ बर हारिखौ बदनाम खालामग्राखौ,HOF
704,बियो बे मजिद आव जुमुदि गारदोंमोन,HOF
705,नोंसोर गावजोंगाव बोरमा बायदि बखिलायबाय था सैमा बांग्राफोर,HOF
706,दुथांफोरा बैसोरनि नखौ सावदोंमोन,HOF
707,ओबामा या उस नई राष्ट्रपति मवन,NOT
708,बुदलायनि फै,HOF
709,अग्नि रूममेट आ मुस्लिम,NOT
710,ज्वंग गबवन दरोगाओं थंगुन,NOT
711,बियो थाखोयाव साफ्रोमजोंबो बुज्लायो,HOF
712,बोरमा सिखावल नुखायो,HOF
713,दिनेश आ मइया बेनी मास्टर क्व बुखाद्व,HOF
714,बे थाइनैखौलाय मानो देखायदों गुनदि,HOF
715,मोदी आ गवहति औ फविदंग दीनवी,NOT
716,अमा बुनदा थाइगार हारसा हिनजावनि दखना सुग्रा,HOF
717,बे मानसिया गुनदासो खोमा जानला मोनला खोथा बुंलाबायो बेगरा,HOF
718,मोसौफोर सैमाफोर बुरबकफोर लाजिनो रोंला नामा नोंसोर खामानि गैयैफोर,HOF
719,नोंनि थाखाय आंहा मोनसे मोजां खौरां दं,NOT
720,लोंनानै जाला नामा बुरबक,HOF
721,बवि आश्रम औ आंग ओर लगाइने हवगवन,HOF
722,रोहित आ जवंगनी प्रोफेसर डव नंग्लैडव,HOF
723,दीनवी नि फ्राई आईपीएल दंग,NOT
724,बैंकाक औ हिज़रा गुजा ठेव,HOF
725,आं आफिस आव दं,NOT
726,नवाओ तंगी सप्त से जबै,NOT
727,दाना ओंखारबाय नङा। Politics नि ombrit बिदै मोनलोंना फाग्ला जाजोबाय। बैसमावथ रायजोफोरखौ लाना बुंग्रा खौ सोंखारिदोंमोन।,HOF
728,सामआ निखावरि मानसिखौ रायज्लाया,HOF
729,राकेश सासे मानसि बुथारदोंमोंन,HOF
730,सैमा फाग्ला अरजानायसो खोमा बे मानसि सासेआ,HOF
731,मावगासिनो सावरायगासिनो जागासिनो होननाया बिदिसो 😭,NOT
732,बदलेन्द थाइगारनि मुं लानानै दनजिथ रामसियारिआ माथो प्रमद बरनि हिनजावनि सुरिदार नायथि ब्रा बायदि सुग्रा रुवाथिसोनो सम सम हारसा हिनजावनि खिबुखौबो मोनामसुबावोसोनो,HOF
733,बियौ गोथायैनौ फब जादों मोनो,HOF
734,बोरमा फानथा नङाब्ला माथो बेलाय,HOF
735,बवि कॉलेज औ बोमा बरफुगवन आंग,HOF
736,हमना बुग्लिनांगौ बेबायदि मानसिखौ,HOF
737,जों निखावरिखौ मदत होनो नाङा,HOF
738,गनथं बिजौआव सुंख्रि हैजासिगोन नों बारा बारल द्रायबाय नों,HOF
739,राहुल आरव अंग फेसबुकऔ चाट खंगासिंव,NOT
740,लोदैफ्रा खालि बिदिलसै गावसोरखौ Famous जागौब्ला,HOF
741,बँगलेश नई मानसी फुरा मुनामव,HOF
742,नोंनि रावानो BTR नि बायजोनिसो,NOT
743,तिवसनआव थांगोन,NOT
744,"BPF आ गुबुन खौ गोबां बुंनो हागौ नाथाय नुबाय ना फारौ जाग्रानिसो FIR आनो , लाजिनो रोंङै पार्टी",NOT
745,दिपेन बरखौ दाव सिखाव साइस नुखायोलै सोर सोर सैमा फाग्ला अरजानाथो भट होना देरहा होखोथाइ समासनि हारिनि मा मावगोन बायदि सान्नानै,HOF
746,आंग दुकानो घोरी बैंव तांडव,NOT
747,वनद्वी फर आ गीदर मानसी नि बाथ्रा ख्वनसोंगनांगौ,NOT
748,मा लेवरा जागोन केश होना ?,HOF
749,जवंगसर आ गुबुन नव ड्रग्स फनव,HOF
750,नोंसोर उदिस गैला नाला BJP आ UPPL खौ दंस खालामनो नागिरनायखौ नोंस्रा बेयाव गावजोंगाव बखिलायबाय थानो सम मोनबाय नामा सैमाफोर,HOF
751,नोंगै बैथाला गरसे फिसा,HOF
752,सिखला फुरकव रपे खालामना बुतर नांगव,HOF
753,सुरेशा बेनी बिमानई फुइसा खाऊ,HOF
754,"सोरखौबा बखिनाय, सोरखौबा रायनाय, सोरखौबा सोंखारिनाय बेनिफ्राय जानगाराव था बर'फोर",NOT
755,"एै जहरा नायनि नोंनि लोदैआ बेसे गिदिर, प्रमद नि बिसिनि सिफायाव सोहै थांनानै लोदै बेगर मोसौ",HOF
756,बविण्व आंगनई ऊनद्वी नई लुग्व,NOT
757,होस्टेलनि गोठा फुरा शिखाओ थाइव,HOF
758,बह लामा ज्वंग बोहा थांग जायव,NOT
759,पाकिस्तानी फुरा इंडिया नई प्लेन हिजकेद खालंद्व,HOF
760,सैमानि फिसा BTR आव नोंबायदि जामबा मानसि गैया,HOF
761,प्रमद बरआबो थै सोबग्रासो जालांबाय गाख्लाय नांगौ फैगौ बिसायखथिआव,HOF
762,नवंग ससे बादुला,HOF
763,गवस्वम मंशी फुरनि मेलेम गइया,HOF
764,नवंग नवाओ माला फविया,NOT
765,खामानि मावाखै बोरैथो देरहाबोबाय थाखो सिफा हांसो बायदि गारामा लानानै हब्राबाय थानायखौ मोजां मोनदों नामा लोदै बेगर,HOF
766,रितुआ निखावरि मानसिखौ मुगैया,HOF
767,आं नोंखौ बुगैन,HOF
768,बियो बिसोरनि नखौ फ्रतिसद लानो थाखाय सावना होदोंमोन,HOF
769,सिफा मोखां साला बुरबक नायनों हाथारला आं बिखौ,HOF
770,दाबो खि गोमागोनखौ मोदांना खोथा बुंफ्लादों,NOT
771,बेयो सुरेशनि मतर साइकेल,NOT
772,नों गोरोंबा लाजिनांगौ बिदि बुंलायबाय थानो फारसेथिं मा जालांनो हमदों बेखो मिथिदोंना फाथेसेनानि बनफोर,NOT
773,आं उन्दुनो ओंखारदो,NOT
774,रायजो राजाफोरखौ थगायबाय बदलेन्द नि मुं लाना लुथिना लाबाय मा बेगर मोनखो राय्जोआ,NOT
775,नोंलाय सोंखारि जानो बायोबा मालायखौलाय मा खि मोनजानोथ सोंखारयो जामबालाय,NOT
776,बेव इंटरनेट औ गली हुबई थाइव,HOF
777,नों सासे सैमा फाग्ला भाइ नोंनि बिदि बखिबाय थाना जेबो लाब जाया हायोब्ला जाथिनि थाखाय खामानि मावना दिनन्थि,HOF
778,"आगोलनि समाव जि जानानै थांबाय, इयुनाव बेफोरो दाजाथोंछै आं बेखौ लुबैयो",NOT
779,बेव बेनी फिसाज्व कव ऊनद्वी ओंव नव फन्ना हुद्व,HOF
780,सिखर आ गीता नई मुखं औ जवमुद्वि गरणा ह्वदव,HOF
781,बेव बेनी प्रोफेसर खव सन्मान खलमा,HOF
782,एै उलथा जोनोम मोन्नाय माब्लानि बर जाखो नोंलाय,HOF
783,बै गामिनि सुबुंफोरखौ बिसोरखौ मदत होआ,HOF
784,गबवन जवंगनी गामिआओ मेला दंग,NOT
785,"बुरबक साला दावराव सोदोबखौ नोंनो माथो बुरखांग्रोबाय, नोंनि खुगानिफ्राय ओंखारजेनबाय माथो",HOF
786,फइलाई बेखौ ठिकांग्ना हवलाई,NOT
787,BJP दोलोआव हाबनायनि जाहोनानो जाहैबाय बर जाथिखौ फोजोबस्रांनो लामालानायनि अनगायै जेबो गैया,NOT
788,बेथ' नोनि बुददि गोजासो गासिबो सैमा साग्ला,HOF
789,"बेफोरबायदिसो मोजां मोजां contain लाना Video खालामनांगौ, जोबोर मोजां जादों",NOT
790,Youth BPF Bonsu या लानथाखौ गादियाव जिरायहोफिनो थाखाय सोमावसारनायनि हाबाफारि रनसायदों. बै समाव सोमावसारनायखौ होबथाग्रा Bpf हानजाया दा लाइमोन हानजा bonsu दानानै सोमावसारनायखौ आं लाजियो मा मोखांयै सोमावसारनो ओंखारखो लाजिनाय गैमारा बे BPF हानजानाव.,NOT
791,नवंगनी नवाओ स्वर स्वर थैव,NOT
792,सुभम आ दुगवी नव थांगडु,NOT
793,दिनेश आ जो लवंगना बाइबिल खव सोना हुद्व,HOF
794,मा एसे बेंग्रा जामारखोलै गाव माबादि समाजखौ बुरबक खालामनो नाजादो,HOF
795,बोरो फुरा जो लवंगा बुडलाइबै ठेव,HOF
796,जामबा खि नों हारिनि मावनो रोंगौबा ओंखार न सिङाव थाना सैमा फाग्ला बायदि रोनावनो नाङालै आदुवा,HOF
797,बियो सासे हारिखौ मनग्लाबग्रा राबनसो,HOF
798,तो फील्ड औ किरकेट गेलेव,NOT
799,गनथंआव दै हाबदों ना आदै,NOT
800,मुस्लिम फुरनि नवाओ हिन्जायसा जवनवम जबा बेसव्रव बुथारु,HOF
801,दैदेनगिरिफोरा बर हारिनि खिबुआव अर लगायना होगोन गावसोर थाखोमाना थागोन नाथाय जों सादारन सुंबुंफोरासो होसोलाइगोन बुदलाइगोन थैलाइगोन,HOF
802,रमेशआ कॉलेजऔ ऊनद्वी घोटो फुरखु बयव,HOF
803,बियो बिखौ थोगैद्ध,HOF
804,फुजा सुजा बाद दे लोदै खयलायनांगौ फ्रिआव मोननायखौलाय,HOF
805,बोरमा मेनदिनि खिथु सावनानै जा बोरमा साग्ला,HOF
806,अंग नई नाम आ डिनायल,NOT
807,बेराद जामबा जालांबाय नों मानसिया,HOF
808,आगक्व बवि फोटो औ मरवी नदव,NOT
809,बिखौ दांनो नाङा,HOF
810,नोंनि आया बबेयाव दं,NOT
811,बियो आंनो गारिखौ सेफायदोंमोन,HOF
812,राजू आ अंगखौ गवजवंथो बुंगड़वंग,NOT
813,नोमानि खिबुखौ सुना साफा खालाम नों बुरबक साला खुत्ता,HOF
814,नवंगनी नवाओ स्वर स्वर थाइव,NOT
815,गुनदा साला मोख्रा मोखां खर मेलेम गैयै सैमा फाग्ला बायदि रोनाव लायबाय,HOF
816,बै गथनो मदत होनो नाङा,HOF
817,पुतिन आ यूक्रेन नई आर्मी फुरकव बूतरद्ध,HOF
818,गबवन फुनग औ उठिनाओ लेट जगवन अग्नि,NOT
819,महरखौ नुबानो मुगैनो ओंखारो।बर' हारियाव बिनिख्रुइ मुगैथाव बाथ्रा बुंग्रा सुबुं दं होन्ना आं साना।,NOT
820,लादेना सासे जोहोलाव,HOF
821,मानसिनि साइजआनो बिदिनोखा मोदलाया,HOF
822,मारै लै बरफोरा जामबा नामालै बिदि खालामजानो गुबुन हारिजों गावसिनि जाथिखौ बिदि खालामनो हाया बिसोर,HOF
823,रमेशआ तिवसनआव थांगोन,NOT
824,जोंफ्रासो गैला लोदै लाइफ हेक थु सिफा,HOF
825,माने बर'हारिनि गेजेराव दाङाबाजि जोरजिनो थाखाय plan policy खालामखाबाय नामा Bonsu या,HOF
826,रोहित आ अंगखव नाइबै दंग,NOT
827,नविन आ दीनवी पार्टी हुगुन,NOT
828,नों एसेबां गोरोंब्ला मावजि बुनदा बायदि न सिङाव हाबसोखोमाना गोब्रामबाय थाखो,HOF
829,सासे सागान गिरि लायानो उदां जायाब्ला होनब्ला नोंनि Accord फोरालाय माथो दं जाखो बेफारि,HOF
830,गोजोंन फुं,NOT
831,भारतीय फुरा मेलेम गइया,HOF
832,मा जाबावगोन बे मुगाया जेरैबो जारला,NOT
833,दिनेशा मोबाइल दोकान खव बुबाई,HOF
834,"आसाम सरखारनि फारमेसन नङाब्ला बि.थि.सि. सरखारा साख्रि थिसन्ना होनो हाया, निउस फेफाराव होनायखौ नुदोंना नुआखै बुरबकफोर",HOF
835,मोसौ सारोनसो नामा नोंबो,HOF
836,बुहुमनि सबसे जामबा जाथिआ जों बरफोरानो बेखौ गाज्रि मोन्ना मेगन साना लाब गैया,HOF
837,दावराव देख्रेबनि जिल्लाखौ सोथोंदे दावरावसो खालामबाय थायो।,NOT
838,खर'आव एमफौ नांदों नामा ?,HOF
839,अग्नि लुग्व आ मुस्लिम,NOT
840,बियो मान होयो,NOT
841,बंगाली फुरकव बांग्लादेश औ हुक्हर हव नांगव,HOF
842,राकेस ब्रह्म जों लोगोसे बिसिनि दोलोनि सुबुंफोरा मोजाङै बिजिरना नायनाया मोजांसै बिथां गबिन्द' बसुमातारीनि बुंनायखौ,NOT
843,आगनी अकाउंट औ फुइसा गइया,NOT
844,नों गोदो मानि थाखाय हाग्रायाव थादोंमोन साला सैमा,NOT
845,नों सासे सोद्रोम गैयै मानसिसो,NOT
846,मुस्लिम फुरा रेपिस्ट ठेव,HOF
847,दिफेन सारखौ मानो रायदों सैमा,HOF
848,नोमाखौ जदो नों लोदै गरला गरसे गैयै,HOF
849,दीनवी फुटबॉल नई फाइनल दवंग,NOT
850,लाजिनो रोङा बैथालि लंथं देखायबानो जायो ना बेफारि हारि फान्नानै जाग्रा माबायदि बिनि बिमा बिफाफोरालाय,HOF
851,ओमा जानइ फुरकव दांग नंगा,HOF
852,नोंसोर गुनदासो हारसा हिनजाव फोरनि खि सोलाग्रासो,HOF
853,राजू आ बाइक शिखाओ खालम्व,HOF
854,कोहली आ क्रिकेट गेलेला,NOT
855,बेसे थगायनो फाब्लिकफोरखौ हाजार हाजार गासिबखौबो नुलांजोबगोन प्रमद बरनि बेफारिनि BTR सुकथिखौ,NOT
856,AASU नि आसाम Accord नि खोथाखौ सोरबा बरफोरा मोनथिगौबा गोसो खांबानो जाबाय दा।,NOT
857,बियै आंनि लोगो,NOT
858,बेसे अबार सिमार्थ आरो लेखा ल गोरों जाखो बोरमा फानथा गावजोंगावल खेस होलायबाय थानो गुबुन हारिखौबा जेबो सोमावनोनो हाया,HOF
859,सायनिस फोरनि मेगोना फिसा,HOF
860,सेलाय बेलायजों आगान सूरलांबाय थाब्ला बर'आ सम नांनाय नङा आलाय सिलायजों जोबस्रांनो,NOT
861,सुबाष आ बेनी नवाओ गवस्वम मानसी फुरकव हबनु हुआ,HOF
862,बेयो सामनि गारि,NOT
863,दीनवी होर ठगुन आंग नवंगनई नवाओ,NOT
864,एै सैमा फाग्ला नों सिरिथा लोदै बेगर,HOF
865,गोदाव सोराव जेबो खामानि मावनो हाला नालाय बिफोरखौनो मावबाय था,HOF
866,अंग बेनी मोबाइल क्व खाओदंग,HOF
867,खामानि गैलालै नोंसिनि सैमा बायदि रोनावलायबाय थानाया,HOF
868,मोजां नङैनि थाखायनो बिसि जाथारदों बे,NOT
869,आंग आर्ट क्लास औ थंगुन,NOT
870,बेमानसिया हारिनि भाईरास । बिखौ बयबो रिपर्त खालामनायासो मोजां। बिनाव फजितिप साननो हानाय जेबो मेलेम गैया ।,HOF
871,बर हारिआव नोंबायदि हारिखौ फानग्रा दा उजिथोंसै,NOT
872,बुरबक सोरखौ बखिबायदों नोंनो माथो गादिआव दों नों हायाबा सोर नोमफाया मावबावगोन,HOF
873,आर्मी फुरा मवजनाग नोंगा,HOF
874,बिखौ नुब्लानो रागायानो खर थिखिनिआवसो दावखोयो आंना,NOT
875,थैलाय जों आखाय खबग्रा जागोन,HOF
876,रोमितआ ड्रग फनव,HOF
877,राजखान्थि मुलाम्फानि थाखायनो गावस्रा जोब्बायबा NDFB फोरानो मा बिगुर जाको दा,HOF
878,मेदामा बर रायलायनो लाजियोनो लोदैखौबा लानो लाजिा बरनिखौसो गोथाव मोनो जाहैदों,HOF
879,मा एसे जामबालै बेलाय। आसामनि मिनिसतारफोरनो district फोरखौ specealy नायनो बिथोन होदों,NOT
880,होद फाग्ला आलु बिनि फथ आफलद दाहो,HOF
881,बेखव दांग नंगा बेखव दंगबा बीमार जगवन,HOF
882,नवंगनी लुग्व नई मुनग आ मा,NOT
883,रमेशआ बेलाग नई फुइसा खोना जैव,HOF
884,सुरेशनई बिफाया खोना जैव,HOF
885,आंग फोनीओ गेम गेलेबै दवंग,NOT
886,बेफारि फारौ जाग्रानि फिसाला,HOF
887,प्रमदखौ गावख्रुब जोबनांगौ लोदै हारसा सिफा जाग्राया बरखौ फानबाय बियो गुनदाया,HOF
888,आंग हॉल औ दंग,NOT
889,से मानसिआ आसलते फरायनाय नंगौ ना नंआ सनदे दं खोथा बुंनायफोरा फंसेबो लाजाया,NOT
890,गाबोन बन्घ,NOT
891,जुन्हा आब्वी आ बुराई जबै,NOT
892,मुस्लिम फवरद्व लुग्व डा जा,HOF
893,अै सार नोंथांआ बोरमा खौ खुमारदोंमोन नामा सार,NOT
894,आं बे कमपिउटारखौ मोन्नो लुबैदों,NOT
895,ब्वइ डॉक्टरा मुजंग नोंगा,HOF
896,सुमित आ अंगकव बिकाओ लव फ्विद्व,NOT
897,"नोंबो सासे जामबा सैमा फाग्लाबायदि रोनावबाय थाग्रा जिगाब बुन्था, मा रोंगौ नोंलाय मोसौ",HOF
898,नों खर गाज्रि नामा फिफानि थाखाय फिसाफोरखौ सोंखारिनो मोन्नायखौ सोंनो सोर होखो,NOT
899,तो दीनवी बवि नोखोर औ खाओंव थान्गनी,HOF
900,बियौ बै निखावरि मानसिखौ बुथारदोंमोन,HOF
901,ट्राइबल फुरकव दांग नंगा,HOF
902,"धनजित 'पिसा मोजां जाजानो लुगैयोबा नोंनि हिनजावखौ दावराव ,जनक,सानसुमा मोननो हगारना होलै",HOF
903,सा सान्जानि सुबुंफोरा सायनिस,HOF
904,आंग आँगणि लवगव फर ज्वंग सिक्किम आओ बेराइनु थांगडुन्गमुन,NOT
905,बेराम जाना थैबासो हामसिगौलै बे बिमानि खरआ नायनो हाथारला आं,HOF
906,नवंग प्रोग्रामिंग लैंग्वेज ऑनलाइन बव परेंव हैव,NOT
907,बे बार नि EM मासिखौ सावलुन सावसुब फोरासो जायगा आवग्रिना दं।,NOT
908,बियो खेला गेलेदं,NOT
909,ओंखाम गैला नोंहा एबाराव गुनदै गैला नोंहा,NOT
910,जवंगनी ग्रैंड विवा नई डेट हुबई,NOT
911,मनीष आ सिखला फुरकव थोगाइबै थाइव,HOF
912,नोमाखौसो लांदों होन्नाय खोनादों,NOT
913,बरनि गेजेराव दाबो एसेबां मुरख सुबुं दंबावथारो,NOT
914,गबवन आंग दार्जीलिंग औ ब्रैनव थंगुन,NOT
915,नोंलाय बिमा खर' मा खालामना थादों,HOF
916,बरिया दिहुनजोब सोर सोर बर लिदार होन्नालाग्रा फोरनि गोसोम दागोखौ,NOT
917,घनन्जय रामसियारिआ मोसौ सिखावसो लै,HOF
918,बोरमा सिखाव नों साला मानो दाना बिदि बुंदों गुन्दा सैमा नोंखौ मालाबा नुबा देथारगोन आं साला,HOF
919,अंग नवंगी नोखौ साओगुन,HOF
920,ओंखायनो बियो बर हिनजाव हाबा मोनाखै,NOT
921,लोदै सामब्राम गावजोंबाव लांनायबाय था नोंसोर सिखोमोन,HOF
922,नवंग ससे बिमा खोईग्रा,HOF
923,जेब्लाबो नोंखाय बाथ्रा दाबुं,NOT
924,खाम्पानि ओन्चोलसो बेयावलाय सोरखौथो मानिनो सोरखौ गिनो,NOT
925,एै रुथि दखाननि माला मोनगोन जाखो थाखाखौ self help group फोर ना,HOF
926,ट्राइबल फुरखु हबनु हव नग्न,HOF
927,बोरमा फानथा बायदि लेफ लेफ नोंसोरनि हिज्रानि माथो बेफारिनो लेकसार,HOF
928,बिराद सावलुन जाथारबायलै नों सिगांनि बायदि नंला,NOT
929,बेव बेनी लुग्व फुरकव मुदत खलमा,HOF
930,बियो गाज्रि लोगो,HOF
931,जामबा खि न सिङाव थाना बिदि हस्रिखावबाय थानाङा,HOF
932,बेव मोहित नि फुइसा खोडंग,HOF
933,बेनी बिमा आ मन स्वंगबाबु मदत खलम नंगा,HOF
934,BTR सुकतिया सीरखौलाना सानति खालामखो नी॓,NOT
935,आं बेखौ बायगोन,NOT
936,सुथुरफ्रानो बिबार बावफैदों माथो,NOT
937,जवंगनी गामिआओ गरीब मानसी फव्रणव जाएगा हवा,HOF
938,नों मासे एमबु सिथ्रसो नामा ननि खनायाव थाना थामफै जाग्रा आसल,HOF
939,आंग अनिमे नाइबै दंग,NOT
940,आं जिम आव थाङो,NOT
941,लाजिबाय बोराया दावला बोराया लाइफैला होनबा बोराय,HOF
942,गैला नों बोराय सिथारबाय,NOT
943,गैलालै नोंबो खुगाल बांद्राय खोथा बुंग्रा मानसिया खामानिआव सोलिया,NOT
944,बिसोरो जोंनि मजिदखौ सेफायदोंमोन,HOF
945,एै दैआव बारसोमना थैदोलै नों बर' हारिआव गुलाइ गुजाइ खालामबाय थानाङा,HOF
946,बर'नि सोर दैदेन गिरिफ्रा माबायदि गुबुन हारिनि नेथाफोरजों फिदिंजादों बेफोरखौ दानिफ्रायनो नोजोर होयोब्ला मोजां,NOT
947,नोंनि लेथ्रा खुरु गोनां खावलायखौ सैमा फाग्लायाबो खुदुमा गेमस्रि,HOF
948,भारतीय फुरा हरी मुगोई लाइव,HOF
949,थोथ फाग्लि गाज्रि गाज्रि निउसआव दानुजाब्ला नों,HOF
950,सुनिलआ गावनि फोरोंगिरिखौ मान होआ,HOF
951,जुपिटर नई यूट्यूब चैनल दंग,NOT
952,गनथा नोंनि नोमा नोमफा खिनथानाय बे गावबागावनि फरायनायनि telent नि दम सो मिथिबाय,NOT
953,अग्नि नवाओ रोब्व गइया,NOT
954,नै जामबा लरग उदालगुरि आव एबेकसनि नि लेथार थांदों हायोब्ला बेखौ होबथाहै,HOF
955,सुबाष आ हिंजो फुरकव नींव हाय,HOF
956,डिंव अग्नि इंटरव्यू डोंगमुन,NOT
957,मोहित नई बिफा या फुइसा खाऊ,HOF
958,"थारैनो बर लिदारफोरा मा जाजोबखो, ना बेनो नोंसिनि मावनांगौ खामानिफोरा।",NOT
959,जोकव फेना बेव बेनी घोटो फुरकव बयव,HOF
960,बिदाय,NOT
961,बरनि मुं लाना ससेल मिदियानि राजा जानायनि सिमां सुजुदों फ्रमद बर' बाबु नों सासे लेवरासा गनथा नोंनि थै लोंनायखौ जों गिया र बोथोर सोलायग्रोथों,HOF
962,सुमन आ मंशी बूतरद्ध,HOF
963,दीनवी ओखा हबा गेलेनव ठेंगा,NOT
964,आंग प्रोजेक्ट खव ऑनलाइन खालंद्व,NOT
965,बोरो फुरनि जानइ प्लेट औ जा नंगा,HOF
966,रमेश नई आइए फ़ोन खालंद्व,NOT
967,नों नुनायाव गाज्रि,HOF
968,मुस्लिम फवरद्व नंगलाएंव नांगव,HOF
969,मानो बेफोरबायदि गावजोंगाव आसि थुलायबाय दं BJP आसो जाजोबसिगोन बरफोरखौ,NOT
970,रोहित आ जुन्हानि नवाओ फइबइ ठेव,NOT
971,बवि चीन नई मानसी खव बू बेव कोरोना होगार्द्ध,HOF
972,वनद्वी फर खोउ मीट्रिक पास जाबा बाइक बाइना हनंगा,NOT
973,गोसोम मानसिनि गोसोया गाज्री,HOF
974,सीमा आरव रीमा आ वनद्वी नि लवगव,NOT
975,गोजौआव लिरनाय बाथ्राफोरा ओंथि गोनां आरो गोसोआव लाखिनानै माहारिआरी आफादफोरा खामानि मावथावबायदि जादों।,NOT
976,मोबिलिओ माबा गुडान गेम डाँग नामा,NOT
977,सुमित आ पांताओ कहना लदव,NOT
978,आखाइ हमना बेराय थारगोन जानोलै नोंलाइ,NOT
979,अमा खर होन नों बबे हायाव दं.नोंलाय ।अमा हालेवनाया सैमा गाग्लिग्रा,HOF
980,बियो सासे इजिनियर,NOT
981,लाजिबाय नामा आसोल,NOT
982,बोरमा साग्ला ISL Team बानायबावसैनो BTR निफ्राय,HOF
983,बिखुनजोनि फेन्दा खनायाव बानानै थाग्रा नों मासे सिख्लाइ सो,HOF
984,ब'र जातियाव बेबायदि थगायग्रा दा उजिथोंसै,NOT
985,बिहारी फुरनि घोटो फुरा गेदर जाना उग्रपंत्ती जैव,HOF
986,क्रिस्टियन फुरखु इंग्लैंड औ हवकहर हव,HOF
987,माथा खाराब जाबाय सरकारा,HOF
988,बियो आं मोजां मोनाय रोजाव गिरि,NOT
989,हाया माथो नों सालायखौ अरसनो मालाय सिङाव थानायखौ,NOT
990,"सम थानायावनो मोजां जाना लाखादोलै नों बेथा, Next निफ्राय बिखुङा जिजोबसिगोन नोंहा",HOF
991,बियो खेला गेलेनो मोजां मोनो,NOT
992,इसलाम आ उग्रपनयी,HOF
993,दिनेश नवंग ससे लोदोई मुखांग,HOF
994,दीनवी जवंगनी स्कूल औ मोदी फ्विद्व मवन,NOT
995,जवंगनी गामिआओ फ्विबा बुथारगुन,HOF
996,दीनवी जवंगनी प्रोजेक्ट प्रेजेंटेशन दंवग,NOT
997,लाजि जामबाफोर मालाया जादों नोंसोर मोखां देखायदों लरगफोर,HOF
998,गाबुन निफरै जवंगना एग्जाम गवइया,NOT
999,बै समाव होबथाग्रा मिनिग्राया दासो मालाइखौ बखिनो सम मोनदों,NOT
1000,तमिल फुरा गवस्वम मानसी थाइव,HOF
1001,रां खामायनो थाखाय मानसिऩ खौ केलूंकारिया मोन,HOF
1002,नवंगनी नवाओ गासीवब्व शिखाओ,HOF
1003,बहानि अदियालै बिसोरलाइ दांना हरलै उरिया या,NOT
1004,बेसव्रव हॉस्टल औ फुइसा खाऊ,HOF
1005,बात यो गोबां जायो,NOT
1006,पुलिस फुरकव बुथार नंग्गु,HOF
1007,नोंमा सिफा बुं नों लोदै,HOF
1008,खिलामा सोला होनांगौ बेनि गुसथि खुगाखौ,HOF
1009,बे सैमा लोदै गेसावखौ मा मोखांजों नायबाय थाखो थांना देथारहैदो लोदै बेगरखौ,HOF
1010,सैमा फाग्ला रोनावफैलायबाय बर जाथिनि थै सोबग्रा बरनि थै दब्ला हारिनि मोजां मावनानै दिन्थि बुरबक,HOF
1011,आंग मलबा बवि प्रोफेसर खव बुगुन,HOF
1012,चिस्ट्रियन फुरा थोगैना मानसी फुरकव बूथव,HOF
1013,मा बिमा खिबु रावफोरलै बेफोरलाय जायाफ्रामा बेफोरखौनो होयो मा खरनि मानसि जामबा आदुवा,HOF
1014,थैबाय मा बुंफ्लांखोलै बे,HOF
1015,आंग पोस्ट मलने नई सोलो खुनागासिंव,NOT
1016,मोहितआ नाइये नाइये लिरद्व,HOF
1017,मेथ्रिक फेल बिमा खिबु लेखाखौथ रोंखाया,HOF
1018,एै लोदै बेगर नों रनजन दैमारिनि मुं लाबाय थानाङा सिखोमोन हारिनि हांगार,HOF
1019,आं फिथाय सामथय जानो मोजां मोनो,NOT
1020,नोंलाय मा मिथिगौ आसाम सरखारनि politics खौलाय,NOT
1021,मा सिफा मोखां Video बानायनाय जादो बेलाय बिराद गोरों देखायो बे गावखौनो जाया फ्रामानो,HOF
1022,नआव ओंखाम गैलाबा मालायनाव नागिर नागिर जादो नों सैमा फाग्ला मेलेम गेसाव,HOF
1023,माबायदि नुवाखै फोरबो लै बेलाय?,NOT
1024,माथो सैमा फाग्लाबायदि रोनावबाय थायोरा नोंलाय सोर गैया बाल गैया,HOF
1025,नोमा खिथुनि लिगु होन मा लिगु बेलाइ,HOF
1026,नआव थाना सैमा सोंगासिनो दाबो रोनावफाग्ला गुबुन खामानि गैला नामा नोंना बुरबक,HOF
1027,खामानि गैलालै नोंसोर दावबायसिया गुनदागिरि मानसि बुग्रा,HOF
1028,मा बिमा खरनि एमफौ अरखांलायबाय नामा नोंनि खरवा साला गुनदा,HOF
1029,आयु सालाखौ दिनैसो नुलायबाय बोरमा खुगाखौ,HOF
1030,आंग कंप्यूटर इंजीनियर फोराइबै दंग,NOT
1031,राजू आ बाजार खलामनव थंगबाई,NOT
1032,गबिनद आरो प्रमदखौ होसो नांसिगोन रायजोफोर,HOF
1033,बेखव दांग नंगा,HOF
1034,घोहोनि सुबुंफोरा सोबखग्रा,HOF
1035,आंग दुगविण्व थांगस्वी,NOT
1036,प्रमद बेफारिआ सासे हिज्रा आरो बेनि सानथ्रि फोराबो हिज्रासो बेखायनो बेखायनो फुथबल बायदि जाबथिं जाबाय थायो मामा जों,HOF
1037,आर्मी फुरा गरजी थाइव,HOF
1038,बे प्रमद बर' हारसा हिनजाव नि दैखर आव दुगैग्रा बेफारिनि लोदैखौ हास' नांगौ जाबाय,HOF
1039,जवंगनी नवाओ बोडो फुरकव हबनु हुवा,HOF
1040,मा मा लोदै मोनखो मोख्रा गुनदा,HOF
1041,नों सासे बुरबक CEM जाना बिदि बुंनो समाया नोंनि अनगा सोरबाया बुंगोन,HOF
1042,सैमा फाग्लासो नों सासे प्रमद नि आलासिफोरनि साहा लुग्रासो लों लेबारसो नों सासे बरनि सोमोन्दै जेबो मिथिया गिदिर मानसिखौ सनमान होनो रोङा नों बुरबक,HOF
1043,गबवन बविसगव नई बोन्दो दंग,NOT
1044,सैमा फाग्ला मेलेम गैयै लाजिनो रोङै,HOF
1045,बेथ अर सुनाय बायदि नांबायलै खिनथु,NOT
1046,आं बेखौ बै गलानिफ्राय सिखाव खालाम दों मोन,HOF
1047,"गावथारलै बिनि फिसाज्लाखौ दुइ नम्बर खाथार, फिफायाबो एखे, फिफानि सनथारदों सालाया",HOF
1048,बियो बायबेल खौ सावदोंमोन,HOF
1049,आंनो खाजा हो,NOT
1050,रोहित आ बादुला,HOF
1051,बांग्लादेश नी मानसी फुरा गवस्वम,HOF
1052,"केस होलायै होलायै बर'फोरा सेस, खर गरजि फोर।",HOF
1053,नोंनि आफाय बहा दं,NOT
1054,आंग लेखा फोराइबै दंग,NOT
1055,मुकेश नवंग ससे शिखाओ,HOF
1056,सैमा नोंबो अवान साइद खामानि मावग्रासो नोंखौ रावबो बुजियै गैला,HOF
1057,थै गय नों फेलों,HOF
1058,नवंग माला जवंगनी नवाओ फइगुन,NOT
1059,नोंखौ नुबाथाय जाथ्रा नस्थ जायो आंहा,NOT
1060,नों जोबोर बुजिना बैनाय,NOT
1061,बियो बिनि बिफा,NOT
1062,आंखौ दंनो नाडङा,HOF
1063,एै प्रखास खर गाज्रि नों मानो बुंनो हायासै प्रमदखौ बेनि हिनजावा बर जानानै मालाय हारसानि द्रेसखौ मानो गानदों दखनाखौ मानो गान्नो हायाखै,HOF
1064,थाइम फास लै माथो नोंथां जेबो गैलालै नों बा रोंथारगौलै माथो नोंबो बाथ्राफोरखौ,NOT
1065,बोकु नो पिको नै भुजंग अनिमे,NOT
1066,नों जोबोर मोजां खामानि मावदो पेथ्रल,NOT
1067,अग्नि बाइक आ हम जबै,NOT
1068,जोंनि बर' हारिनि गेजेराव गोदो गोदायनिफ्रायनो गुबुन हारिनि सुबुं जों बिगुर खुजा गासिनो दं,HOF
1069,"बोरो बर, हांखोआ सारमोन?दाबो बर, हांखोजों FIR गांसे लिरनो हाया जों",NOT
1070,सैमा खावला खुगानि खावदां,HOF
1071,गावनि मथिबा बेराद मोजां मोनदों नामा बाजारि,HOF
1072,राहुलआ निखावरि मानसिखौ मुगैया,HOF
1073,रोहित आ बेलाग मानसी फर ज्वंग नंगलाइबै थैव,HOF
1074,गावजोंगावब्ला नेरलायनाय मालायजोंबा हाबसोना थानाया बर'नि आखल खा,NOT
1075,मानदावला मानदावलि मानसिफोर लै बिसोर,HOF
1076,बिनाव बरनि लोदैखौ गाहाम मोनला बिनो गिदिरसो नांगौ निग्र फोरनिसो नांगौ बिनो,HOF
1077,जाइ govt आव दं बिसोरथ मावखानांगौना बेखोनो बिदि बुंलाइनांगौ नामा,NOT
1078,न नों लरग मालाय थांनायखौ मेगन साग्रा लरग जामबा नोंहाबो थां हायोबा बुरबक,NOT
1079,सुमन आ हिजरा,HOF
1080,बियो बै आफिस आव कामान मावो,NOT
1081,आं फुंआव थाबै सिखारो,NOT
1082,मा बाल सोलायखो फानथाव साला जोंनिथिं लायफै लोदै नों खुगाजोंल सोलाइबाय बुंबा जागोन नामा,HOF
1083,गावजों गावनि गेजेराव एरसन-एब्र खालामना दावराव-दावसि खालामनायनि अनगायै मा दंबावो नोंसोरनावलाय जुजाय खर' गोबोरखि खर'फोर,HOF
1084,बेहै आंग होटल ह्व्गुण,NOT
1085,लाभ गैया बुरबक मालायखौ बखिना फास फैसाबो लाभ गैया,HOF
1086,जानला मोनला कमेन्थ हरग्रा फोरखौबो खेस होनांगौसो आंनिबा,NOT
1087,दे नों केस होथार दे नोंनाव दम दंब्ला। जेब्ला बे केसया कर्ट याव थांगोन अब्ला नोंनि बिबान याबो जोबगोन आरो नोंनि इउ पि पि एलनि मावथिफोराबो कर्टनि हियारिंयाव सासेबो थांफानाय नङा अब्लानो नोंनि दुगा दुगा थिफुद्ला बाथ्रा बुंनाया मुन मुन ब्रह्मनि आथिङाव हमनानै केसखौ उइद्र खालामनो बुंनांगोन बिगुर। मानोना बिदिया गोबां दं।,NOT
1088,आंगना सेवंथ सेम औ बैक गइया,NOT
1089,नोमाखौ खाथिआव लाफाना बुजायदोरा,NOT
1090,ज्वंग नवाओ बीएसएनएल नई राऊटर दवंग,NOT
1091,आंहा नं गैया,NOT
1092,बे फाग्ला गोदोनिखौ बुरखांबाय थाना लाब गैला मावनानै दिनथिदो,HOF
1093,गिदों नामा बोरमा सारोन,HOF
1094,मानो एमान मिसा बखियोब्रा बानाय,NOT
1095,मोजां थैनाय नङालै बे बायदि लाक लाक मानसिखौ थगायनायनि बानथाया आरो रावबो मोजां साव होनाय नङा बेखौ,HOF
1096,नोमा सिफा होन नों मोख्रा मोखां,HOF
1097,नोंलाय मा बाल मोजां मावना देखायदों बरफोरनि थाखाय सानफ्रोम्बो गोब्रामबाय थानायल नुयो माथो,NOT
1098,आं निखावरि मानसिखौ मुगैया,HOF
1099,आंलतारियाव मोनसे बान्था मोन्दोऔ,NOT
1100,तो कोकराझार टाउन औ ब्रैनव ठनगनी,NOT
1101,"फालथु मानसिफोर बहानिबा, थाबैनि राहा लानांगौ Department आ सालाफोरखौ",HOF
1102,मोहित आ गुड़वर फुरखु सन्मान खलमा,HOF
1103,बारा गाजा देखायनाङाब्रा लोदैफोर लथारिसो,HOF
1104,campaign जाबायबो नामा UPPL ना गथफोरखौ भटार लिस्थ होनो थाखाय मुं लाहैखाबाय नामा ?,HOF
1105,राहुल नई बिफा या उग्रपंत्ती,HOF
1106,नोंसोर बायदि बुरबक YouTuber फोरानोथ हारिखौ गुलाय गुजाय खालामग्रा हारियाव गोजोन खौसेथि सिफायग्रा,HOF
1107,"अरलायबाय था बिगुरफोर, मोजां नुदों। फारनैथिंबो खम नंङा।",HOF
1108,आंनि खामानिया फोरोंगिरि,NOT
1109,"बे सैमा दिपेन बरनि मोखाङाव खुदै मुजुगारना हा रायजोफोर, हारिनि सुथुरसो बिसोर",HOF
1110,लागाव गावजों गाव फारसेजों कस बिहार union territory,NOT
1111,बे बायदि आखलनि खामानि मावग्राखौ 12 बोसोर जेल आव दोन्नांगौ सालाफोरखौ,HOF
1112,नवंग हॉस्टल औ रंग खाऊ,HOF
1113,बियो सासे गाज्रि लोगो,HOF
1114,गुंडा फुरा ट्रैनऔ हिगजक खालंद्व,HOF
1115,सालाय बरन्नायखौ दाबो गारालै बे,NOT
1116,आंग डिडेम खव लुग्व मुनि टाइम जबै,NOT
1117,आंनि फना बहा,NOT
1118,जानला मोनला मिथिया गारा फस्थ दाहो बिगुर,NOT
1119,नों बायदि थगायसुला मानसिया जोंनि हारिनि सुथुर नोंखौ दोनजाला,HOF
1120,बाला निखावरि मानसिखौ दांआ,HOF
1121,सैमा फग्ला हाग्रामानि उनदुनाय नायग्रा लुबैदोंदां गावबो,HOF
1122,नों मा मिथिगौ BPF नि नों खिजानेबा बिमानि गाइखेर जाग्रासोमोन बै समाव जामबा अलगथ,HOF
1123,इंडियन अमरय फुरा काम गइया,HOF
1124,मा सिखोमोन नि बडलेण्ड थाइगार नोंलाइ सैमा फाग्ला,NOT
1125,बोरमा साग्ला जोंनि सिरां बिसनुपुराव रावबो हाबनो हाला Beltblock देखांनायनि उनाव फैनायफोरा रोदा सुबाय दम दंब्ला होख्रांफै सियाल गोथां,HOF
1126,आं आसा खालामो नों थै,HOF
1127,एै गानथि फाग्रा बोराय खुगाल मा मावना दिनथिदों नों मा मावनायनि नेरसोन दं सेला खबथाम बोराय बिहामजो गोसोथोग्रा गयदा,HOF
1128,आंनो खायसे मचलैनि गोनांथि जादो,NOT
1129,सामआ निखावरि मानसिखौ मुगैया,HOF
1130,दावखाफोरालाइ माथो मुरथि सावाखै बर'निबा दानो दावराव खालामगौमोन,NOT
1131,सहरुक खान नई गुडान फिल्म ूंगकारखवइ,NOT
1132,अभषेकआ ऊनद्व जनसंव,NOT
1133,अशोक आ मुस्लिम धोरमो नि मानसी फर खोउ मुजंग मुना,HOF
1134,दिसफुर निफ्राय हरफ्लांलायबाय नामा,NOT
1135,नोंनि बिदि राइखस बाइदि बुंनायखौ रावबो मोजां मोनालै,HOF
1136,सेनदेल खुबै नांगौ थगाय साला फोरखौ,NOT
1137,सोर माथा फाग्ला बेलाय सिमाङाव बबे खनायाव थैना थायामोन बेलाय,HOF
1138,लोदै बेगर फोर नोंसोर खामानिखौनो दामावसै बिदि बखिलायबाय थानो,HOF
1139,राहुला आ आंनो गारिखौ सेफायदोंमोन,HOF
1140,ABSU जों बुलायनानै देरहाबा बर'लेण्ड मोनगोन नामा?,HOF
1141,जवंगनी नवाओ ओमा बनैगासिंव,NOT
1142,ब्रिटश फुरा शिखाओ,HOF
1143,ज्वंग सिक्किमाओ ब्रैनव तांडव,NOT
1144,ज़ेन्डया नई गुडान फिल्म फ्विगसींव,NOT
1145,बंगाली फुरखु हुखार नांगव भारत नई फ्राई,HOF
1146,राहुलआ बेलागनई फुइसा खोना जैव,HOF
1147,रां हर,NOT
1148,बडलेडनि मोसा गुनदा,HOF
1149,आंग बोडो खव इंग्लिश औ लिरबै दंग,NOT
1150,बियो बाजाराव थांदोमोन,NOT
1151,थगायनाया मोजां,HOF
1152,गासै गोसोम मानसिफोरखौ बुथार नांगौ,HOF
1153,आं निखावरि मानसिखौ रायज्लाया,HOF
1154,आंग यूटूबीओ नैना फोराइव,NOT
1155,बेसेना बेसेबां,NOT
1156,मा बिगुर मैया मैया सरखार दाखो लाजिआखै गोदै गोदै बुंनाया दासो अबेआव हाबसोना थाजोबखो,HOF
1157,बर मानसि नों आरोलै बे जोलैनि हांगार सो,HOF
1158,खामानि गैला नामा? नों हारिनि खौसेथिखौ सिफायनो सानबायथादों नामा। नोंनि मोनफ्रोमबो पस्टआनो गावजों गाव गावस्रा होलायनायनिसो।,HOF
1159,न' सिङाव थाना हस्रिखावबाय थाना जागोन नामा जामबा साइस नों,HOF
1160,पुतिन आ यूक्रेनऔ बोमा बरफुदु,HOF
1161,सासे गोरों मानसिनि बासना बिदि जायो नामा गावनि दुगा अख्रा आखुखौसो दिन्थिनाय जादों बे,NOT
1162,हिन्दू फुरकव बूतरद्ध,HOF
1163,"जोंनि system आनो बिदिनो, फोरोंगिरिफ्रा फरायसालिआव मोजां फोरोङाना",NOT
1164,मुरख इएम फस्थखौ सिगां होब्रा बेनि उनाव बखिबाय था,HOF
1165,सावराय सावराय गोदै गोदै रावजों थगायजा थगायजा गले गले थांखि लाफ्ला जाना सम थांनाय सरखार।,NOT
1166,जावलायबाय था बखिलायबाय था आरो माथो खामानि दंबायो गनथाफोर,NOT
1167,एमफौ एनला जाग्राखाय बेनाव मेलेम गैयालै सालु बाराना गावनि फिसाजोफोरनि थाखाय राग आरजियो,NOT
1168,BTR सुक्तिखौ गनायैया मानोथो BTR AGREEMENT खौ लाबोफादों।,NOT
1169,लरग सो नों जाथिद्रहि लिदार सो नों,HOF
1170,थाबैनो मोजां जागोन,NOT
1171,नोंल'सो सर्बजान्ता सियालनिबो सियाल रामसियाल,HOF
1172,"बे खोथाखौ मोनथिनो हमदांनो हानायाव नो एसेबां सम नांगौब्ला जोंनि हारिया आथिखाल मुगायाव मोनसे आलादा राव, हारिमुजों गेरेमसा हारि हिसाबै थांना थानो सान्नायखौ खोमसि सो नुहरखायो",NOT
1173,आंग दो बेडोर जगवन,NOT
1174,खर'आव जुजायसो दं खोमा नोंनाव,NOT
1175,नों लाजिया नामा बिदि खोथा बुंनो moral study खालाम एसे बुंनायनि सिगां,NOT
1176,जेब्लाबो ऐगार थारनो नङा,NOT
1177,बे दावखाखौ दावखा दनदाखौ इ.एम. निफ्राय बोख्लायनांगौ सालाखौ,HOF
1178,"अल'खदखौ मोनदांनानै मोजां बोसोन होयोब्ला खायसेफोरजों जामबासो बूंजायो ,मा बेयो थार हारि अनसूला नंगौना",NOT
1179,आं उन्दुदों,NOT
1180,आंलतारियाव मोनसे बात मोन्दोऔ,NOT
1181,बियो आंखौ लिंहोरदोंमोन,NOT
1182,मालै बानायसो सैमा खेला अबरनि खिं सो माथो,HOF
1183,पुलिस आ दाय गोयौ सुबुं फोरखौ बुथारदों,HOF
1184,दिल्लीया भारतनि राजथावनि,NOT
1185,गबवन आंग नवंगजवंग बेराइनु थानगुन,NOT
1186,तमिल फुरकव श्री लंकाओ हवकहर हव नांगव,HOF
1187,आंग आँगणि लवगव फर ज्वंग गोवा थान्गनव नागिर्दवंग,NOT
1188,मा नोमानिथो नोंहा मालायखौ सोंखारियो गावखौबा सोंखारिजानो बायो जामबा बिगुर,HOF
1189,लागाव राखेस अमाखौ दालि गेसाव जाहो सालाखौ,HOF
1190,एै बुरबक लाजिनो रोङैफोर दासिमबो थगायनायनि हुदाया जोबाखैना नोंसोरनिया सोरखौ जामबा सानबावखो गासिब्बो खोथाखौ थगायनायल असायबफोर लाजिनो रोङैफोर,HOF
1191,मोदी या मुजंग मसि नवंगा,HOF
1192,मा लेवरा दावराव खालामबाय थायो नोंलाय सैमा नङाब्ला माथो नोंलाय गुबुन जाथिफ्रा मा सानगोन,HOF
1193,मनीषा आ कारण खव सुबाना ह्वदव,HOF
1194,मोख्रा मोखाङा नुजानो लाजिला नामा जोंनि कक्राझारआव मा खिनो फैखो जायगा गैया कक्राझारआव नों सैमा दादु जानाय,HOF
1195,हिंदी रवंगा बा भारत औ था नंगा,HOF
1196,आं लोमजादोंमोन,NOT
1197,उमा बिफरी नई गोतो फुरकव बवि स्कूल औ हबनु हव नंगा,HOF
1198,फैसा जानायखाय private खुलिसिगोनदां मालाय,NOT
1199,राहुल आ अग्नि रांग खओदव,HOF
1200,नायनि र' सैमाखौ मावफुंनो हायोना हाया सुइसाइथ खालामोना खालामना बे रावआथ गावसिनिसोना बहा खारगगोन,HOF
1201,जेबो गैला बेखौ नुबानो होसोनांगौ बेफारिखौ दोन्नो नांला हारिनि सुथुरखौ,HOF
1202,बाइरेल जानो लुबैदों नामा नोंबो,NOT
1203,राम आ आंजों लोगो जानो लुबैया,HOF
1204,नोंना बांद्रायोलै मा जानला मोनला फिसा फिसौ रायखांजोबो ब्रा फाग्ला,NOT
1205,राहुलआ गावनि बिमा बिफाखौ मान होआ,HOF
1206,जों जाहास खौ दैखारना लांदोंमोन,HOF
1207,होद बोरमा सारोन मा जानला मोनला बखिलाबायदों,HOF
1208,बियो आंजों लोगो जानो लुबैया,HOF
1209,बेव बेनी बिमा बिफा खव नंगलाईव,HOF
1210,नोंबो बिबाय ना नोंबो‌ जासिगोन,NOT
1211,राइजो राजाफोरा जेब्लाबो खौसे नाथाय माखासे राजखान्थि दैदेनगिरिफोरा गावनि मुलाम्फानि थाखाय बायलाय फानलाय खालामो,HOF
1212,आसा खालामो दिनै जेखौ थांखि लानानै प्रेसमिथ खालामदों बेफोर खामानि मावनो थांनाय हाबा फारिफ्रा जाफुंगोन,NOT
1213,खानस्रि जावनायाव जिबौ ओंखारदोंथ',NOT
1214,नोंबो private फरायसालिआवसो फरायदोंमोन जामबा,HOF
1215,सैमासो सैमा मासे सोंख्रावलाबायग्रा सैमा खि जाग्रा गावलाय सोर जाखो नोंहा हायोब्ला लिदार जाना नायलाय गनथा,NOT
1216,बयबो बुजिखाबाय प्रमद बेफारिया गावनि गादिखौ लानो थाखायल' एबसुखौ लाना सोमावसारफ्लादोंल,HOF
1217,रोहित आ गोठो फीस फुरकव बूयव,HOF
1218,नेपाली फुरकव नेपालाओ हवकहर नंग्गु,HOF
1219,गानजा फग्ला साला,HOF
1220,नोमफानि आबसुआ सरखार सालायो बोरमा,HOF
1221,लोदैफोर खामानि गैया साला सैमाफोर,HOF
1222,नोंबायदि बेफारिया दिनैसिम मा गनथा माखौ लाजिनो रोङै नों बेफारि एमबु थबगां,HOF
1223,आइथिं थोंनैखौ फलंना बलथु मारिना दोन्नांगौ बिदिखौ थामफै नेग्रा खालामना,HOF
1224,बेबादि गावजों गाव थैलायहोनोसो गोदान आफाद दादों जोलैनि हांगार,HOF
1225,रोहित आ ग्रेब्ब फुरकव हेल्प खलमा,HOF
1226,मानसी फुरा बोडोलैंड नवनवी नई थके असम बंद ह्वदव,HOF
1227,"नायना फैनायजोंल' मा लाभ जागोन बाबु। सरकारजों जिरायनानै सावरायलायनो हानायनि राहा लामा खालामना होनो हायाब्ला जाम्बा। नाय दिनै एबसु आरो CCTOA नि नाजानायाव सरकारजों जिरायनानै सावरायलायनो खाबु मोन्दों। जेबो उन सिगां मोनथिया गारा सैमा फाग्ला बादि बुखिला बायो गोदाव सोरावनो। सैमा सोंनाया अरनो रोङा, अखा खोरोमनाया हानो रोंङा।",NOT
1228,धनञ्जय आ दीनवी हॉस्टल औ फइबइ,NOT
1229,सोदोबनि बेखेवनाइ फारिलाइआ माखौ बुंङो |,NOT
1230,सेस बदनाम खालजोब्बाय मुसुलफुर एरियाखौ,NOT
1231,नोंसोर बादिया हारियाव बेबायदि साननायखौ लाबोबाय थायोब्ला हारियाव बिदिनो गावथारजाबावगोन।,HOF
1232,मावजि बुनदा बायदि नुथारो नोंनि महरखौ,HOF
1233,बियो मैया मानसि बुथारदोंमोंन,HOF
1234,फासि नांना थै लोदैनि फिसा,HOF
1235,ट्राइबल फुरनि मेगनआ फीस,HOF
1236,बर'नि न' 1 मिसलिया खोथा बुंग्रा होनबा थेंगाब,NOT
1237,सैमाया बहानि खोनादो राइजोफोर?,NOT
1238,"नंथारगौ बाबो, नङा बाबो बिनि खोथाखौ आंहा मानोबा गोनां छंनो हाथारा लै ।",NOT
1239,बियो बिनि बिमा,NOT
1240,मा मा बाथ्रा बुंना लायोब्रा सार sorry बुंना लाफिनदो,NOT
1241,फागलासो जाजोबखोना माखोब्रा मानसिफ्रालाय।,HOF
1242,नंङा माथो नंगौ खोथाखौसो बुंदों आरो बेखौ थ' नंङा होन्नाबुंनोहाया,NOT
1243,डायव साइबर सेक्यूरीटी नई सेमिनेर औ फै,NOT
1244,बवि साधु खव बूथ नांगव,HOF
1245,रामआ गावनि देरसिनखौ मान होआ,HOF
1246,सोलानो मोनफादों नालाय मोजां जाफ्लागोन,HOF
1247,ओमा जहव फोंगबै,NOT
1248,गोसला फर खोउ बारा सूबाई थाबा गाज्रि जायव,NOT
1249,रोहिता नवाओ थांगडु,NOT
1250,हारसा हिनजावनि मेख्ला सिङाव हाबना था नों बिगुर,HOF
1251,बिखौ फोथायनो नाङा,HOF
1252,बीरमा फानथा नींनी बर' हारिखौव गुलाय गुजाय खालामगीन,HOF
1253,दे मीजां जादों बिदा फंबाय।,NOT
1254,महारी या सिखला फुरखु बयव,HOF
1255,"गुनदा गुनदि रेन्दि, खाथिआव मोन्नाय मोनबा सौखा जोबसिगौमोन आं",HOF
1256,बियो गावनि फरों गिरिखो सनमान होआ,HOF
1257,17 बोसोर आव जासोना लादों दस खै हाजार हजार बुंबा दानो लाजिगो नोंसोर फागल हाट,HOF
1258,ज्वंग बाबा या पुलिसऔ सकरी मऊ,NOT
1259,BJP आव थांनाय मानसिफोरा बर खोथा बुंनो मोना आरो आरनाय लानो मोना नोंसोरनाव बरनि थै गैया ओंखायनो मालायजों दैदेनजादो,NOT
1260,सिखाउ डाकाइटफोरखौ नों मानो जोनोम होदों बुरबक। गावनि हारिनि मानसियानो गावनियाव डाकाइट खालामदों। बेखौ मानो होबथायाखै नों।,HOF
1261,मइया सुमितआ पुलिस क्व जवना हवद्व,HOF
1262,मामाआ निखावरि मानसिखौ मुगैया,HOF
1263,थेैदो दे जों रायजो राजाया नायनो लुबैबाय नों माला थैयो,HOF
1264,"सोरबा माबा मोनसे खामानि मावनो थांनायाव मानि हेंथा थानांगौ, गिखफोर।",NOT
1265,नार्थईस्ट खव चीन नव फ़ाना हव,HOF
1266,रोहित आ मोटू,HOF
1267,बर हारिखौ लाजि फोनांग्रा बैथालिफोर दाम गैयालै नोंसोर,HOF
1268,गैला बरफोरा सोबखजाजोबसिगोन गुबुन हारिफोरजों,NOT
1269,बेसुरनि जाती ख्वो डंगनागा,HOF
1270,मैजिक आ जेब्व खामानि मावा,NOT
1271,गोदो जों उन्दै उन्दै निफ्रायनो बे लामाया बिदिनोखा,NOT
1272,गामिनी मानसी फुरा दबव मेलेम गइया,HOF
1273,बेनी बिफा या शिखाओ,HOF
1274,बै नगोयै मानसिऩ मदत होनो नाङा,HOF
1275,बेव जवंगनी कॉलेज नई प्रोफेसर,NOT
1276,बे फरायसा आफादआव मोजां मानसि गैला नामा गावजोंगाव सोंखारिनायल'सै,NOT
1277,सीता आ गवस्वम मानसी फर खोउ मुगैयो,HOF
1278,बरनि आरनाय लानो मोना नोंसोर सैमाफोर फद बिबारनि आरनाय ला सैमानि फिसाफोर,HOF
1279,बाल बव आंग नवंगनी खामानि मावा,HOF
1280,गोजोन जोनोम सान,NOT
1281,नों जालि मानसि खुगाजोंल खामानि मावो बरनि थै गैला नोंनाव,HOF
1282,नवंग ससे लवडोई बेगोर,HOF
1283,बेयव बेनी बिमा बिफा खव बी बुइव,HOF
1284,पक आ फोराइबै दंग,NOT
1285,मोहिता बवि मोमो डोकनि खव बुड़ंग,HOF
1286,बे सैमाखौ आं मालाबा लोगो मोनबा हमनानै हासुदलानो लुबैदों,HOF
1287,जवंगना एग्जाम फवी गासिंव,NOT
1288,गवस्वम मानसी खव ज्वंग निग्गा हवंव,HOF
1289,राम सीता आरव लक्ष्मण आ बोनोवास आओ ठांगनांगड़वंगमवन,NOT
1290,बोसोरफ्रोमबो ICDS नि बिजाबफोरा असमिया नि सो फैखायो लै दासो जानाय जाथाय नङा बियो।।,NOT
1291,प्रमद बरनि दाय बेफोर मादारसुद प्रमद जोलैनि हांगार,HOF
1292,नवंग माँ माँ प्रोग्रामिंग लैंग्वेज रवंगव,NOT
1293,मैखोम दा लोंलायबाय नामा नोंलाय,NOT
1294,बियो आंनि आइ,NOT
1295,17बोसोरावनो जेबो जाबोथारैनि बुगिनांनाय बेयो होननांसिगोन आगोलावनो जाबोखानायबा दा बेउसुबिदाया नुजानाय नङा मोन,NOT
1296,बैनासुदा नोंनि बिमाखौ जना ला,HOF
1297,रुक्नालआ लवंगना नई फुइसा खोबाई ठेव,HOF
1298,आं दा दोंसे मेथाय रोजाबदों,NOT
1299,मा बाल हारसा ससे इंलिस ससे,HOF
1300,खामानि गैया सिफा नोंनि लेकसारा,HOF
1301,बियो बिनि बाइकजौ बिखौ बुथारदोंमोन,HOF
1302,नों जाथिनि थाखाय मा खालामदों दासिम,NOT
1303,रोहित आ आरवीनव जीराइना डंग,NOT
1304,बिसोरो क्रिकेट गेलेदों,NOT
1305,मिंटू आ नुनयओ गवस्वम,HOF
1306,सुरेश आ हॉस्टल नई सिक्योरिटी डव नांगलीबाई थाइव,HOF
1307,आं आसामआव थायै,NOT
1308,नों माल्बा थांगोन,NOT
1309,आंग चेन्नई औ बेराइबै दंग,NOT
1310,करंट थंगबा बिरत गोरों जैव,NOT
1311,मावयै दांयै जा आरो मोजां खामानियाव बाहागो ला,NOT
1312,हारिनि मावनो गोसोब्ला ओंखारना माव बोरमा नआव थाना दाहोख्रावबाय दाथा,HOF
1313,नोंसिनि बे बोसोरनैनि फिथाइनि थाखायालाय बोरो बोरमा फान्थाफोर,HOF
1314,सोर रेनदि बेलाइ,HOF
1315,एसे नागिरनाय नि बेबस्था लानांगौ बेखौ,NOT
1316,नों सिरि थादोलैय जामबा मोखां बिजाबाव बिदि बुंलाबाय थानो नांङा,NOT
1317,दीनवी आंग खाने सिनजंव थंगुन,NOT
1318,जामबा जामबिखौ थगायनानै अमा बुनदा अमा बुनदिबायदि जाबाय माथो बुरबखा बर,HOF
1319,लोदै Bodoland बुं नों जामबा BTR खौ,HOF
1320,रमेश बोहा तंगनव,NOT
1321,बिराजआ तिवसनआव थांगोन,NOT
1322,सोर मोसौलै नोंलाय मा खालि नंनायनि नङैनि नंबां जाबां खोथा बुंना ससेल मिदियाआव दावराव खालामहोबाय थानाय,HOF
1323,रमेश सासे बीमाखीगरा,HOF
1324,दीनवी ज्वंग प्रोजेक्ट सबमिट ह्व्गुण,NOT
1325,आं हसतेल आव थायो,NOT
1326,नोमा होन नों जामबा जामबा उनदै गोरलै,NOT
1327,प्रमद बरआ जुनादनि गोर्बोनिफ्राय जोनोम मोन्नाय मानसिसो बे समाव,HOF
1328,गाव थगायसुलाखाय मालायखौ थगायसुला सानदों नामा बुरबक,HOF
1329,नार्थईस्ट नई मानसी फुरकव चिनाओ हवकहर हव,HOF
1330,रानजोब्बाय माथो नोंलाय बेमार जाखोना माखो,NOT
1331,बोरमा गुमनोबो समायै मानसि नों बखिला बायदों,HOF
1332,गुनदा साला बनदामि फाफिसथ सैमानि फिसा मावजि गुनदा फाफिसथ खुनथेंना थैगोन नों अमा बुनदा साला,HOF
1333,राम आ सासे मानसि बुथारग्रा,HOF
1334,नोमा खर नोंसोर लोदै बेगर फोर मोख्रा नांदेरनाय उलथा जोनोम जानाय,HOF
1335,अंग डिंव फ़ैल जबै,NOT
1336,आंग गोठो फीस फुरखु बुनव मवजनाग मुनव,HOF
1337,बियो उन्ददों,NOT
1338,नंगनी बिमा बिफा या शिखाओ,HOF
1339,नोंनि फिसायाथ नोंबायदि सैमा फग्लासो जाखानांगौ,HOF
1340,गादि लुबैसुला बिखुनजोनि हाग्राबारिआव हाबसोना थाग्रा बेफारि मोसौ फायखारि,HOF
1341,हिजरा फुरकव बूथ नगाँव,HOF
1342,नोमफा खर हारसा हिनजावनि खि जाग्रा,HOF
1343,बेफोरखौ जायो नामा जामबा खि सैमानि फिसाला,HOF
1344,लाजियासै नामा नों साला सिफा मोखां बोरै नायना थाबावखो,HOF
1345,खामानि गैया गावजों गाव बखिलायबाय था जाम्बा लर्गफोर।,HOF
1346,बेव जोव लवंगना बिमा बिफा खव बूयव,HOF
1347,जौ दखान होनो मोनबा हैगोन,NOT
1348,आंग गुड़वर जबा आईपीएस अफसर जगवन,NOT
1349,मारवाड़ी फुरा गुरदुर जाना डोकनि जैव,HOF
1350,कॉलेज नई बस आ माँ तिमाओ थंगव,NOT
1351,बवि होटल औ खली गरीब फुरकव हबनु हुआ,HOF
1352,राहुला तिवसनआव थांगोन,NOT
1353,बेयव पइसा लाना कमानी मोगरास्व,HOF
1354,दर्हसर आ जो लवंगना जूनियर फुरकव बुबाई,HOF
1355,अशोक आरव रवि सान्वी ज्वंग लवगव,NOT
1356,आंनो रां हर,NOT
1357,दीनवी रियल मेड्रिड आरव लिवरपूल नई फाइनल दंग,NOT
1358,जवंगनी प्रोजेक्ट आ हेट स्पीच डिटेक्शन,NOT
1359,दा आंहा थांनांगौ,NOT
1360,मिनिनाय React होग्राफोरा बे बायदि post आव बो होयो नालै ।,NOT
1361,बे बाराव बिदि जायोब्ला जानो हागौ बर हारिआ जोबस्रांगोन इसोरा जाहाथे बिदि थासारिखौ बर हारिनि गेजेराव दा हरथों आलो दा लाबोथों,NOT
1362,बिसोर गेलेदों,NOT
1363,हारसा हिनजावनि खिथु सुग्रा सैमा बेफारि गुन्दा,HOF
1364,श्याम आ डेनिसन खोउ गुंडा हवनदवंग,HOF
1365,सालाफ्रा दाबो जाथिनि सेन्थिमेन गैयै हारिनि सुथुर मावनायावबो मुखुब दखना गानदो जोलैनि हांगारफोर,HOF
1366,सुभम आ बोरो फुरकव मुजंग मुना,HOF
1367,"न' नों जाम्बा, बिटिआर गोरोबथाखौ मोजाङै फराय लरपय, अरगेनिक इउनिभारसिटि दं ना गैया ओमफ्राइ बुंदो जाम्बु",HOF
1368,मा मा जायोलै मानसिफ्रा माथो सिं सिं सिखाव सेरेबसो जालांजोबबाय,NOT
1369,आं गारिखौ साल यनो गोसो जादों,NOT
1370,जामबा बबे नोमानि खिबुआव बडलेन्द जाखो मोख्रा मोखां,HOF
1371,आंग सोलो खुनांव मुजंग मुनव,NOT
1372,लोदैफोर जोंनि जायगायाव होबथानाय दम दंब्ला,HOF
1373,बियो जोंनि घोरोमखौ मुगौया,HOF
1374,मुरख प्रमद थगायसुलाखौ जांगिया खुनानै मोसौ लावथिजों दामलांसिगौलै सेलदेलनि माला गानहोबासो बुजिथारसिगोन जानांगौ सैमानि जोलै महाफाफि प्रमदखौ,HOF
1375,सिक्किम औ ब्रैनव गवश्व जादव,NOT
1376,नोंखौ रावबो सैला Bodoland Tiger,NOT
1377,बोरमा फान्था साला बडलेड थाइगार गुनदा,HOF
1378,हिन्दू फुरा लो भारत औ तागुन,HOF
1379,नोंसोर मा फाग्ला फाग्ला निउस बेलाय मोजां निउस लाबो जामबि,HOF
1380,होद मानो बुख्रुबखोब्रा गोबावजों खनसे खेलाखौलाय,NOT
1381,दिनेश आ क्रिकेटी गेलेव थांगडु,NOT
1382,बुरबक खि जानि बेसेबां लाक help खालामखो नों खिनथाहर मोनो खि जानि,HOF
1383,सुरेश आ ड्रग्स लाना नवाओ हल्ला खालम्व,HOF
1384,नार्थईस्ट नई मंशी फुरा मोमो बनैयव,HOF
1385,आंग मलबा बइ दोकान खव सेफैगुन,HOF
1386,राखेस दावला सोलेरा जेरै गोसोम बिदिनो गोसोआबो गोसोम बेना दासो बुजिदों,HOF
1387,मा जाबावगोनलै नोंजों बाथ्राया लागाम होदो,NOT
1388,आं नोखौ नुनो हायाखै,NOT
1389,"दाबो जाय बडलेण्न बिनायनि हेन्था बेसोरनि मुसुखा खालामना सावनांगौ, जेरै :- सानैसो मुंआव एफसु खामानिखौ मावनांगौ बर' हारिनि थाखाय मावो सानैसोया फारसे साइतथिंजाय राजखान्थिनि।",HOF
1390,प्रमद बेफारिाया मालाथो सैथो खोथा बुंफेरखो,HOF
1391,नोंथाङानो जागोन नोंबो बनसुनि दैदेनगिरि नालाय,NOT
1392,बोरमा सिखाव मेनथेल इएम,HOF
1393,साम आ आंजों लोगो जानो लुबैया,HOF
1394,दानि सरखार दैदेनगिरिफोरासो दुथां खर गोथां मोदोम गोथांफोरनि सरखार,NOT
1395,रोहितआ अंगक्व थोगाइबै तयव,HOF
1396,बहराओ थंगबा लाइट खव बोन्दो खलम,NOT
1397,बियो करानखौ सावदोंमोन,HOF
1398,बिथांआ जोंखो इंराजि फोरोङो,NOT
1399,आं आनजादआव उथ्रिसारनो हाबाय,NOT
1400,ज्वंगी नोनाऊ हरसा फव्रणव हबनु हुआ,HOF
1401,बेयो लालनि मतर साइकेल,NOT
1402,प्रमदनि बिखाखौ एवना जागौमोन आं मा बायदि बेलाय हारिनि खोथा बाथ्रा बुंग्रा सैमायालाय,HOF
1403,बे फाग्ला सोर बेलाय बोरमा दारि लाना मुसलिम नांदेरनाय,HOF
1404,ज्वंगी सरआ बोडो जाती खो मुजंग मुना,HOF
1405,मोहित नई आइए अंगकव सिनैव,NOT
1406,हारिखौ माबोरै खौसे खालामना जौगानाय गोजोन थासारि लाबोनो हायो बेफोर बायदि भिडिअफोरखौ फोसावनो नाजा फंबाय,NOT
1407,बियो बिनि धोरोमनि थाखाय घेमालि खालामदों,HOF
1408,"ए, थांमारबाय, नाजामारसिगोन नामा? ओरैनोथ’ जों बेसेबांबा थगायजाखाबाय, दा खेबसेनिया सानै हुयै थिक मावलां।",NOT
1409,गासै सरकारि साख्रि मावग्रा फोरानो मोटि लायो,HOF
1410,मैजिक आ दबव हॉस्टल औ फविया ख्वी,NOT
1411,रोहित नई बिफाया मानसी बुथारवन स्व,HOF
1412,प्रखासनि खरआव एमफौ हाब्बायदांलै फाग्ला जानाय बायदि Video खालामग्रा जाबाय,HOF
1413,मासि जाम्बा मानसिखौ इ.एम. बानायखोलै,NOT
1414,बेसव्रव असम सर्कार नाओ दबी खालंद्व,HOF
1415,राहुला बिनि मोखां आव जुमुदि गारदोंमोन,HOF
1416,आं डाक्टरनियाल थांगोन,NOT
1417,दिनेश आ बइ पुलिस खव बुठारद्व,HOF
1418,माब्ला बडलेन्द मोनखो बुरबक मा बिलाय,HOF
1419,दानबाबो सुबाबो थै गवा बे बेफारिनाव,HOF
1420,गोदाव सोराव Video खालामग्रा जाबाय माथो नोंबो,NOT
1421,बियो निखावरि खौ मिनिदों,HOF
1422,बियो नुनायाव सासे उग्रपन्थि बायदि,HOF
1423,मा सैमानि राव बेलाय इ.एम जानानै बारा दुगा खोथा बुंनायनिफ्राय गोजानाव था नङाब्ला समा सफैसिगौ गुलि मोनजानायनि समा बेनिखायनो हुसियारै थानाया मोजां,HOF
1424,नींनिनी खैसार दं बेफारि आं मिथियै जेबी गैया,NOT
1425,"गामि आरि सरकारि गुदि फरायसालि आव फरायसाफोरानो खमायलांनोसो हमबाय माथो
बिनि जाहोन आ मा?मोखां बिजाब नायगिरि लोगोफोर।।
गारजेनफोराबो गाव गावनि ग'थफोरखौ सरकारि गुदि फरायसालि आव फरायहैयैखौ जोबोर खम नुसै। अब्ला सरकारि गुदि फरायसालिया बोरै थांनानै थांगोन होम???",NOT
1426,एबारसो जासिगोन खेलाया राकेश,NOT
1427,एै असख लोदै बेगर मानो नांगौ नोंनो हाग्रामा सरकारखौ नोंसो दायाखै होमबा मा मा नांगौ राय्जोफोरनो नों नायना होदो,HOF
1428,निखावरि मानसिखौ दांआ,HOF
1429,दीनवी बाजार नई फ्राई ओमा लबुद्ध,NOT
1430,आं नोंनि सहिखौ मोनगोन ना,NOT
1431,तमिल फुरखु इडली लेंहोर नांगव,HOF
1432,अंग खामानि माओंव रवंगा,NOT
1433,बेव अग्नि लुग्व बेनी नामआ सुरेश,NOT
1434,जेसेबां बुङामाानो नों सासे UPPL नि दालाल,NOT
1435,बियो लोंडो आरो जेब्लाबो बुज्लायो,HOF
1436,बे सपतायाव आंहा गोबां खामानि मावनो दं,NOT
1437,बेखौ नुनानै बै मंगल ग्र'हनिफ्राय फैनाय दैदेनगिरिफ्रा बेखायनो आलादा ब'रलेणड सोमावसारनानै माहाजोन जानो लुबैदों नङा होनबा !,NOT
1438,आगनी लैपटॉप नई चार्जर आ गुमबई,NOT
1439,आबसुनि मुंआव थगायनानै हारिखौ फान्ना जाग्रा जोलैनि हांगार बेफारि एमबु थेबगां थगायसुलाखौ मालाबाबो हारिनि मुंख्लंफोरा निमाहा होनाय नङा,HOF
1440,नोंनि नंआ बबेयाव,NOT
1441,आं गंसे फ्रिज बायनो गोसो जादों,NOT
1442,लाजि नांगौ नों बेफोरबायदि बिबुंथि होनो,NOT
1443,जामबा प्रखास लरगग नोंनि गय फेनायखौ नायनांगौ जाहैबाय जोंहा,HOF
1444,नों बवा थांदों,NOT
1445,रोहितआ एग्जामऔ नै नै लड़ना पास जैव,HOF
1446,मिज़िंगआ जवंगनी दो खोना लंगड़व,HOF
1447,जवंगनी नवाओ हरसा फुरकव हबनु हुवा,HOF
1448,"गुबुन हारिनि फाव फानदायनायबो जानो हागौ धोरज हमना आगान सुरनायनि गोनांथिदं, थानदा दिमाजों , बारा दागाब्राय",HOF
1449,नवंग वंग्खाम जाबाई ?,NOT
1450,जों हारि सायख लायनांगौ,HOF
1451,गरला बुजाब फुजा जानो प्रमद फायखारिनाव फैसा बेसेबां लायखो,HOF
1452,बेय अग्नि बूटले,NOT
1453,एै सैमा सोरमा एसेब्लिआव थांनाय थाङैजों बर राय्जो राजाफ्रा जेबो खोथा गैया,HOF
1454,बिगुरफोर लाजिला नोंसोर सोर साबेसेखौ थगायबावनो नोंसोरलाय गादिनि रोंनि लुबिया फोर,HOF
1455,दैखर नि एमबुसो नों सासे जेब्ला अखा हायो गाबग्रा । हायोब्ला माबा मोनसे मावना फोरों नोंबो मा बखिनायल,NOT
1456,हाबाब हालालां माबायदि थार,NOT
1457,"सैथोखौ दाबायनो माब्लाबाबो दा सान। नङाब्ला, बे सैथोनि लिरथियानो नोंखौ फबसिनगोन, जेराव नों आरो माब्लाबाबो सिखारफिननो हानाय नङा",NOT
1458,रामु आ बिमा ज्वंग बूजाना गब्बाई,NOT
1459,सैमा फाग्लाजों अरजानाय बेराम जाखांफिनदों नामा नों सासे गावजोंगाव दावराव खालामहोग्रासो,HOF
1460,नों बायदि जामबा मानसि नागिरना मोन्नाय नङा लरग अमा सिखाव मा जामबा जामबा Video खालामबाय थायो नोलाय,HOF
1461,सैमाखौ होसोदोलै राखेस बोरमा सिखावखौ,HOF
1462,जों जेब्लाबो निखावरिखौ मदद होनंगौ,NOT
1463,नवंगसा माँ नई ल्वंजानै आ थिक जबै न,NOT
1464,नेपाली फुरखु नेपाल औ हवकहर हव्व,HOF
1465,नवंग नवंगी जीबनाओ जेब्व खलमनव हाय,HOF
1466,मोहितआ फेननोई नवाओ बुडलाइव,HOF
1467,"एै बोराय नों दाबो खुगाल साला बोराया खुगायाव एमफौ नांनोसै र, नोंनि आमोलाव मानोथो बदलेन्द मोनाखै",NOT
1468,"गासिब्बो सानजाथिंल' लांजोबसिगोनलै दानि सरकारा, जोंनि कक्राझार, सिरांखौ बारा नायसन्नाय नंला दानि सरखारा",NOT
1469,बियो सासे मानसि बुथारदोंमोंन,HOF
1470,अबे बिमा खिबु फोरोंखो अफिस खामानि गैया नामा सैमा फाग्ला सुखिदार नालाय फोरोंनो सम मोनदों,HOF
1471,दिनेश आ हॉस्टल नई बल्ब फुरकव सफेदव,HOF
1472,दीनवी बिरत संडवंग गुस्सा,NOT
1473,सिफाखौ दिनथिग्रोलाय माबायसि जाना दं नोंसोर गुनदि सालि,HOF
1474,नार्थईस्टर्न फुरखु चिंकी लेनहोर नांगव,HOF
1475,हारिनि थाखाय गाहाम मावलां आरो आफातखौ सामलायनायाव आदरस गोनां सुबुंफोरनि बोसोन लानानै आगान सुरलां आरो दावबायलां।,NOT
1476,आंग राजू खोउ कॉल खालामना नवी कॉलेज थान्गनव लेंघोरदवंग,NOT
1477,नोमा सिफा नोंनि नोमानि सिफाखौ सोलाहै नों लोदै बेगर गुनदा हारिनि सुथुर,HOF
1478,आंग गोसला सुगासिंव,NOT
1479,मोहित नवंग ससे सीफा मुखांग,HOF
1480,माबोरै खामानि मावगोरा सुबुंफोरा रासियाव जौगा बोआमोन आरो माबोरै गोमा लांफिनखो |,NOT
1481,बेसव्रव फीस फीस सिखला फुरकव रपे खालम्व,HOF
1482,एै लोदैफोर गाव गादिनि थाखायनो बखिलायबाय था बर हारिआ बोरै जालांगासिनो दं बेखौ जेबो सानाखै,HOF
1483,नों लोदै बेगर नोंनि खुगायाव मोसौ गायनि हासुदैखौ दौगोन र' बेथा,HOF
1484,फसथार बिसिनायखौनो एसेबां खर साबाय बुरबक गाज्रि मोनबाय नालाय बिसिबाय,HOF
1485,एै बोरमा सिफा रायनोल रोंगौ नों सनमान थ होनो रोङा नों बर समाजनि मा खामानि मावबोदों नों बुरबक,HOF
1486,अंग हॉस्टलऔ थाना फोराइव,NOT
1487,फाग्ला जाजोब्बाय मानसिफोरा लिदारफोरानो थिक गैलाबा जाखागोन बिदिनो जा जेरै गोसो जालाजोबखाबायलै,HOF
1488,गुनदा हारसा गियान साला नोंनि सालायखौ हासना होनांसिगोन,HOF
1489,मइया आंग होरनि टिंटो उंडवद्व,NOT
1490,गबवन आंग बस ज्वंग थंगुन,NOT
1491,"लाजिथावना मुगै जाथावना द'रना होनाय बेलाय, लासिं सिंलाय जामबा जामबालाय,",HOF
1492,उर्मिला आ नोआव थंगबाई,NOT
1493,हरी आ सुमित खोउ गेन्द्रा बुंगड़वंग,HOF
1494,एै गुनदा सैमा फाग्ला अरजानाय रोनावबाय था नों नाफाम सिखाव,HOF
1495,देहायारि नोरजिया सुबुंनां खाजा होनो नांङा,HOF
1496,मा जामबा जामबा खामानि मावोब्ला खरफ्रा एसेबो खामानि होला नामा,HOF
1497,सकरी अफसर फुरा फुइसा जैव,HOF
1498,गावनों गाव बखिनायखौ बनद खालाम सैमा अमाफोर बायदि अरलायबाय थायो नामा नोंसोर,NOT
1499,जों गोदोबो मोनामोन दाबो मोना होमब्ला सानदो जों मा खालामनांगो जाखो,NOT
1500,एै लोदै बेगर थाइगार मा जानला मोनला बखिबाय थानायल,HOF
1501,नों आंनि गाथियाव दा फै,HOF
1502,सोर बनसुलै सोर सिनायो बेखौ,NOT
1503,बेखौ फैदों होन्ना मिथिनायब्ला लोगो हमना दामहैगौमोन आं। सियाला उनावसो हगारदों Video खौ।,NOT
1504,सौमा बादि फै,HOF
1505,बेनि दायनिगिरिया दावराव दोख्रेब आरो सानसुमा बोराय,NOT
1506,बोरमा साला मा बखिलाबायदों,HOF
1507,रमेश आ निखावरि मानसिखौ मुगैया,HOF
1508,गोसोम सुंबुंफोय बेयम गोसार होयो,HOF
1509,गावहा अमा खासि बायदि गुफुं फुं जाबाय एग्रिमेन्थआव मानो लाफाया बिदिब्ला लासिं सिं नो,NOT
1510,जाथिनि सानग्रा बबेयाव थाया आबसुआ बडलेण्ड दाबिनाय समाव सैमा फाग्ला,NOT
1511,आं थाइजौ जानो मोजां मोनो,NOT
1512,बियो जेब्लाबो सैथो बाथ्रा बुङो,NOT
1513,बर हारि गेजेराव जों गावजों गाव सोंखारिलायबायथा,NOT
1514,एै बोरमा खि जाना देरनाय नोंखौ मोनबा बिखाखौ सौना गब्लं होजोबगोन आं,HOF
1515,खर गाज्रि जाजोब्बाय नामा Facebook आव बिदिखौ हगारनो,NOT
1516,आं गाबोन फराय सालियाव थांनो हायौ,NOT
1517,बियो जोंनि मन्दिराखौ सेफायदोंमोन,HOF
1518,आंग लैपटॉपऔ खामानि माओगासिंव,NOT
1519,गबवन एक्स्टसी जव्बगवन,NOT
1520,आंग यूट्यूबऔ वीडियो अपलोड हुबई दंग,NOT
1521,बेफारिफ्रा हारा रोदा ओंखार लायदों कलिथा बंस फ्रा,HOF
1522,आंग दीनवी नई फ्राई जो लवंगला,NOT
1523,मिस्त्री फुरा खामानि मोबाइ दंग,NOT
1524,गुबुन फारथिनि रिजद नालाय मेगनाव सालायबाय मा जाबावगोन बर खिबुआव खर,HOF
1525,बोरमा फानथा नों सासे माथा गरम बायदिया खोथा दाबुं,HOF
1526,नवंगनी मुखं आ बुरमा बैसा,HOF
1527,गुबुननि फुजाआवबा बन्द होयो जोंनिआवबा होना नागिरा,NOT
1528,सिखाव नुखाजोबो आबसुनि मानसिफोरखौ नुनायावनो,HOF
1529,तो नवंगनी रूम औ खेला नींव,NOT
1530,सोरनि फिसा बिसोर बिमा बिफा दंना गैया साला,HOF
1531,फासि नांना थैदोलै नां खालि गुबुनखौ बखिनायल नोंसोरबायदि थानायाव नो बर हारिनि गेजेराव दावराव दावसि जागासिनो,HOF
1532,आंग ट्रैन जब बेराइबै दंग,NOT
1533,महात्मा गान्घी आ माहारिनि बिफा,NOT
1534,सैमा हासुला जानाय गरला बुजाब मुदा दस मानसि बरनि सासे भाइरास,HOF
1535,बेयो मानाबनि मतर साइकेल,NOT
1536,आं नोंनि नोमफाखौ बुथारगोन,HOF
1537,बर हारिनि दैदेनगिरिफोरनि गेजेराव नों सासे गाज्रि दैदेनगिरिसिम रनजन दैमारिखौ बखनो नों खनसेबो रायज्लायफेराखिसै बुदां,NOT
1538,अभिषेक आ दबव उन्दुना दंग,NOT
1539,बर हारिनि देरसिन सुथुरा नोंनो लोदै बेगर साला सैमा,HOF
1540,बियो जोंनि फन,NOT
1541,राहुल आ मुसलमान लोगो जानो लुबैया,HOF
1542,नेपाली फुरा मोमो फनव,HOF
1543,राहुल आ बै खौरां गिरिखौ बुथारदोंमोन,HOF
1544,एै फानथा साला नोंनि रायनायनि मदेलखौ सोलाय एसे बिगुर मोसौ,HOF
1545,"नाजाथों,हेंथा दाहो,माबोलाबा खासेवआ बो सेसानि सिगां जायो।",NOT
1546,बिमा खर माखौ लाना बिदि बासन होयो नोंलाय,HOF
1547,आं आपेल जानो मोजां मोनो,NOT
1548,बेव बेलाग नई धोरोम खव मिनिबाई थाइव,HOF
1549,कोक्राझार आउ बेराइन मुजंग मजांग जाएगा डोंग,NOT
1550,नों मा मावदों सैमा फाग्ला नोंहा माबा खामानि मावनायनि रेखर्द दंफेरो नामा',HOF
1551,एै लोदै सोर नोंलाय बर'आ कय लाख दं नों बुंनो हागोन नामा,HOF
1552,सैमा बांग्रा नोंबो सोरनिबा जानासो बखिगासिनो,NOT
1553,खौसेया माखौ होनो दिजितेल बड'लेन्द आ बुजिगौ जानो?,NOT
1554,वा प्रमद खलिथाया बरखौ सैया खोमा ओंखायनो नन थ्राइबेलखौसो सैयो,HOF
1555,राकेशआ गावनि देरसिनखौ मान होआ,HOF
1556,बेव ज्वंगी लुग्व,NOT
1557,नों नुनायाव सैमा बादि,HOF
1558,एै लोदै बेगर मेगि जानानै बरफोरखौ बुरबक खालामनो नागिरदों नामा नों,HOF
1559,"नांलाया फ्रमद सार बिदि दाखालाम, नोंनि खामायनाय रांखौलाय सोर जानो",NOT
1560,राहुल आ अंगी फ्राई फुइसा डाबी खालंद्व,HOF
1561,रनालड आ सासे जोबोट मोजां गेलेग्रा,NOT
1562,बियो भागबत गिता खौ सावदोंमोन,HOF
1563,छी बेव ओमा जैव,HOF
1564,बेव रामायण खव मिनिदवंग,HOF
1565,सोर बेलाय अबेनिफ्राय फैनाय जाखो मा लानजाइ होदेरबा मोख्रा बायदि नुयो गां होदेरबा बादालि बायदि नुयो,NOT
1566,सचिन तेंदुलकर आ रिटायर जबै,NOT
1567,नों बे बादि फेलें,HOF
1568,पुलिसफुरा मुजंग मानसी नोंगा,HOF
1569,बे कुथ्थाखौ नायनो बाबायलै आं दा होसै,HOF
1570,मिलितारि हान्जाया बै गामिनि मानसि फोरखौ धुमकि होदों,HOF
1571,कमेलिए या सोलो रवजबगुण डिंव,NOT
1572,बिपुलआ निखावरि मानसिखौ रायज्लाया,HOF
1573,लेवरा माखौथो फिस Accord खालाम फ्लाखो साला सैमा,HOF
1574,फासिसो होनांगौ सैमाखौ जोलैनि हांगार थाइगार गुनदा,HOF
1575,हरसा फुरखु बुथारद्व,HOF
1576,नोमा खिनथानाय गावजोंगावल नांलायबाय था बुरबकफोर फैगौ बिसाइकथिआव BJP जों दखल खालामजासिगोन बेनि सोमोन्दै माबा सानदों नामा नोंसोर जामबाफोर,HOF
1577,सिता आ आंनो गारिखौ सेफायदोंमोन,HOF
1578,राहुलआ मैया मानसि बुथारदोंमोंन,HOF
1579,दीनवी ओखा हबा आंग कॉलेज औ ठेंगा,NOT
1580,बियो आंनि बिनानाव,NOT
1581,न सिङाव थाना हस्रिखावबाय थाना जागोन नामा नों जामबा साइज नो,HOF
1582,सिखाव सादु सोंगोरा थागायसुला मा मावनो हाखो दिनैसिम UPPL सरखारा फोरमान होलाय,NOT
1583,बिसोरो दो खराव सानस्रि दोंमोन,NOT
1584,जवंगनी गामिआओ हबनु नंगा,HOF
1585,नोंनि थाखाय एबा नोंनि बिबुंथिआव मोनसेबो राय्जो राजानि मोजां कमेन्थ फैथारला माथो,NOT
1586,नै नों खिग्रमा लोंनानै बखिनाय नोंनि Video खौ आं नामा सैमा,HOF
1587,एै सैमानि फिसा बरनि गेजेराव गावस्रानाय लाबोग्रा जोलैनि हांगार कुथ्था,HOF
1588,गुंडा फुरा विखरी फुरनि फ्राई पइसा दबी खालम्व,HOF
1589,दीनवी जवंगनी नवाओ ना बनाइद्ध,NOT
1590,गस्वीब्व इन्डोनेशियाई फुरा गुंडा ठेव,HOF
1591,नों बबेआव ढं,NOT
1592,सैमा बांग्राफोर रनजन दैमारिखौ उदां खालामनो राय्जालनो हाला नामा नोंसोर,HOF
1593,"नंगौ नामा, बनजित मन्जिलनि नखौ नायग्रोलाय नों",NOT
1594,सुमनआ हॉस्टल औ बेलाग नई फुइसा खाऊ,HOF
1595,सैमा नोंबो बिदिनो माथो लोदै बेगर मालायखौ मानो बखिलायबाय थादों,HOF
1596,दीनवी जवंगनी कॉलेज औ फ्रेशर्स दंग,NOT
1597,दैरसिनखौ सनमान खालाम,NOT
1598,गुनदा गुनदि नोंसोर बर हारिखौ दंस खालामग्रा,HOF
1599,बि टि आरनि मुंआनो बेसेबा गोजौखा दालाय नोंदा प्रमदखौ बुंबा जाया होनबा।,NOT
1600,"फरायसालि नाइदिंनानैल' मा जाबाउनो बाबुमोन,-- बेफोरखौ मावफुंनो बिटिसिआव जेबो पाउआरानो गैलिया। डि.सि, आरो अशोक सिंघलासो बिटिसिनि सीफनि सायाव दं। अशोक सिंघला सो सामलायो, प्रमद बर'आ खाथिआव थानानै गल'ल' नाइबाय थायो। बेनो बिटिआर मुंआनो बेसेबा गेदेरखा",HOF
1601,आँगणि ईरफ़ोन आ गवमबई,NOT
1602,सोर थाइगार गुनदा बिलाय बिमानि सिफा जाग्रा,HOF
1603,एकथरनि फिसाया एकथर जाथार नांगौ नामा सैमा फाग्ला,HOF
1604,माला हेगारखोलो जाबाय हिनजाव थानाबाबो,NOT
1605,बे मानसिया बे थोरोमखौ मोजां मोना बिनिखायनों बेबादि दिन्थिदों बरनाम खालामदों,NOT
1606,है जामबा बोरमा खुगा,HOF
1607,मा लोदैनिलाय खेलाखौ बनद खालामनांगौ जौ फोरखौ खालाम खेला बेबो बोसोराव खनसे,HOF
1608,मा गामिनि मानसि बेलाय बहा थायो गामिनि मानसिफोरानो जामबा गोजाजोब नामाथाइ,NOT
1609,साबैसे थांखो मानसि फोरालाय ? बे बायदिनो खस'थ खालाम लायदो ।,NOT
1610,नार्थ ईस्टर्न नि मानसी फर आ मोमो,HOF
1611,अंग दीनवी गुडान मोबाइल बैगवन,NOT
1612,आं नोंखौ बुथारगोन,HOF
1613,हाबाफोर जाना सिरि थादोलै नोंबो सासे जानला मोनला निउस लाबोबाय थायो,NOT
1614,बेफारि साला गासिब्बो बेफार खालामना जाजोब्बाय,HOF
1615,सुनिलआ गावनि बिमा बिफाखौ मान होआ,HOF
1616,बिखौ सिंआव फैनो होनो नाङा,HOF
1617,लरग बुनथाफोर साला बे उन्दै गथ’फोरखौ लाना मा खालामनाय जादों मोसौ बुनथाफोर,HOF
1618,गोसोम सुंबुंफोय बीमार गोसार होयो,HOF
1619,आंग बास्केटबॉल गेलेनव मुजांग मवनव,NOT
1620,मोबाइल गुडान बैंव ठनगनी तो,NOT
1621,बर‌ होनजाव‌ फोरनि‌ आखलानो‌ बारा‌ जाथारबायलै‌ बिदि‌ मानसिफोरा‌ मानो‌ थैनो‌ रोंआलै‌ फाफि‌ फोर‌ बेराद‌ समायदों थ‌ खिनाय‌ मानसिया‌ लाजिया‌ नुनाय‌ मानसियासो‌ लाजियो‌,HOF
1622,सुमन आ घोटो फीस फुरकव फनव,HOF
1623,सुमित आ पोरेखाओ नै नै लीरव,HOF
1624,बिमानि सिफा साला नों लाजिनो रोङा नामा बिदि बुंबाय थानो नोंनि खरआव जुजाय गोजा बेकायनो मालायखौ बखियो नों बा जेबो खामानि जैया नामा साला गुनदा,HOF
1625,गासै गोसोम सुंबुंआन अनागारि,HOF
1626,नों जेब्लाबो थार बाथ्रा बुं,NOT
1627,लोदै सोलादों बियो,HOF
1628,कैर्री मिलती आ गुडान वीडियो दवंग,NOT
1629,गुदुङा खम गेदेर नोंना ना नाफाखि,HOF
1630,रमेश नई बिफाया शिखाओ,HOF
1631,हिटलर आ मानसी फुरकव बूथरना मुजंग कालंद्व मवन,HOF
1632,बैथाला गुनदानि रावसो बियो नों सासे मोसौ,HOF
1633,सोर सोर मा मा मोनखो ब्रा खिनथादो,NOT
1634,आंनो रवायसे रांनि गोनंथि दं,NOT
1635,राहुला आ आंखौ बुयो जेब्लासिम आं बिनि खामानि मावा,HOF
1636,मादारसुद साला गैला नों फैगौ समाव UPPL आउद,HOF
1637,जों माब्ला खौसे जागोन ? जेब्लासिम जों गावनि स्वार्थखौ नागारना खौसे जाया आलादा नखरखौ जों मोननाय नोंङा !,NOT
1638,मुस्लिम फुरा मुनाबु,HOF
1639,"दानि एबसुनि दैदेनगिरिफोरनि सान्नायानो खालि हिंसानिल' जेरै बिथां प्रमद थिख बिब्दिनो,बे रिजर्टनि दारै गासै बर'लाइमोनफोरा गाज्रि आखुनि जाजोबसिगोन नामा? जोंनि हारियाव आरो ओलसोलाव एसेबां गिदिर गिदिर इसु दं बेफोरखौ मावनो आरो सुस्रांनो नागारै बेखौ लानानै माथा मारिबाय थानाय,",HOF
1640,मा खारनाव हिज्रा जाखो बेलाय जामबा जामबा खमेन्थ खालामो,HOF
1641,राहुला गरीब मानसीखव दंगा,HOF
1642,हरसा फवरद्व लुग्व जा नंगा,HOF
1643,आं बोल बायनो गोसो जादों,NOT
1644,लोदै आंना खेबसे बि बइसनि सर्थ Video नायना जादों फुल sound होबाय मादारसद सो बुंबाय एसे लासिं सिं दानि जुगाव रावबो मोजां Video खालामला,HOF
1645,लोसैनो बेरफुग्रा बानायना लाबोदोंब्ला जाथारबायलै,NOT
1646,"सैमा मा Video खौ असलिल नुखो, फुजा फोराव बर सिख्लाफोरा गुबुन हारिनि सेंग्राफोरजों बेसे मा जायो बेखौ नुदों नों मोसौ",HOF
1647,बर हारिखौ थगायनायनि थाखाय जादों बोरमा,NOT
1648,बे सैमा सासेखौ नायनो हाथारला आं बबेनि जामबा ब्रा बेलाय बबे गामिनि सैमा बिलाय दावराव दावसि खालामबाय थानो मोजां मोनो नामा बेलाय साला सैमा,NOT
1649,बे सैमाजों सैमा जाफानो हायालै,HOF
1650,नोंहा एसेबां गोरोंब्ला मानो मावजि बुन्दा बाइदि न' सिङाव हाबसोना गोब्रामबाय थादों,HOF
1651,सैमा नोंसोर साला हारिनि सुथुर नोंसोरखौ होखारहरजोबनां सिगोन सो,HOF
1652,गोदो बड'लेण्डखौनो मोना होन्नानै बुंखांबाय नोंसोर सैमा फाग्लाफोर। नोंसोरनो पावारसो नांगौ जों मिथिखागौ।,HOF
1653,"सैमा फाग्ला जाबाय बे बिगुरा, जाथि बुखावग्राया बेबो सासे",HOF
1654,दीनवी फुंग नई फ्राई नव करंट गइया,NOT
1655,बेयाव मैखोमनिनो आखाय दं सैमाया साला मानो होनोब्ला बेलेग निउस निफ्राय बे निउस आवल गोन साला बेलेक निउस गैला,HOF
1656,आंग क्रिकेट गेलेव रवंगा,NOT
1657,नोमा सिफा बुं नों धनजिथ गुनदा,HOF
1658,बुरबख इउ पि एल एलनि खि सोलाग्रा दालाल,HOF
1659,नै नों जामबा गोबोरखि मेलेम जुमाय फाग्ला लरग बबेनि इंराजि गोरों लाजिनो सोलों कम्पानिफोराव खामानि मावनो थाहैदो नों जामबा हारिनि थाखाय खामानि मावनो मेरला गोरों दंखायो नों समाया बोरमा,HOF
1660,नोंहा खुनथिया हमनानै गाबफ्लाग्रा हुदाबो दंखायोलै लोदै नोंखौ बुजियै रावबो गैया,NOT
1661,मइया होरो आंग उण्डूआख्वी,NOT
1662,आंखौ जिरायनो हो,NOT
1663,राम आ सासे सिखाव,HOF
1664,सिमांना मोगथांलै मा गोदाव सोराव,NOT
1665,गाबुन फुनगाओन नॉव थंगुन,NOT
1666,बियो माजां मानसि नङा,HOF
1667,गुबुन हारिनि News फोरखौ नाय बर'खौ माबादि सोदोब बाहायदों। बर'हारि खौसे जा थांखिया जोंनि मोनसेल सानसे जाफुंगोन।,NOT
1668,नवाओ थंगबा आंगन फविनाईऔ लेट जगवन,NOT
1669,अबेहाय थैना थाखो ना सोला हैनायाव बिजि नामा बरनि थै दंबा मानो आलाय सिलाय जानायखौ नायना थाखो,HOF
1670,थोथ साला सुथिया मा जाखो बेलाइ,HOF
1671,तमिल फुरकव मल्लू लेंगोर नगाँव,HOF
1672,बोरमा मेगिखौ जोंबो जायो नाथाइ Video खालामा,HOF
1673,थोद गुनदा मावजि गोसोम प्रमदनि खिथु सुग्रा,HOF
1674,राम कॉलेज औ गोठो फुरकव बूयव,HOF
1675,नोंलाय जामबा नोंबो सासे सनमान गैयै मानसिसो गिदिरसिन मानसिखौ मुं मुखग्रा,HOF
1676,एै मावजि लाब गैया दानो बनद खालामनायनि खोथा बुंबानो गाबोननो गरनैसो होलाय होनबानो जाबाय लागाव बुंग्रासो जागोन नोंसोरबायदि मावजि सादुफोरा,HOF
1677,सिखला फुरकव रपे खलामनांगव,HOF
1678,सेनदेल खुबै नांगौलै सालाफोरखौ,HOF
1679,राकेस बोरमा सिखावजोंनो थाफाहैदोलै नोंबो आदै जानला मोनला जों जानला मोनला मिलायखायो नोंसोर,HOF